1_len3_gn_2,1.6
1_len3_gn_3,1.7
3_len5_st_3,1.9
3_len5_bd_3,1.2
3_len5_gb_3,1.8
5_len5_st_3,1.6
5_len5_bd_1,2.2
5_len5_bd_2,1.6363636363636365
5_len5_gb_2,2.0
5_len5_gb_3,1.7
8_len1_bd_1,2.1666666666666665
9_len6_gb_2,1.7
10_len5_gb_2,1.8888888888888888
10_len5_gb_3,1.818181818181818
11_len3_st_3,1.5
11_len3_gb_2,2.1666666666666665
11_len3_gn_1,2.4444444444444446
11_len3_st_1,2.1
12_len1_gb_1,2.1666666666666665
12_len1_gn_2,2.0
13_len4_bd_1,2.2
13_len4_bd_2,2.0
14_len2_st_1,2.3
14_len2_st_2,2.1
15_len2_gb_1,2.0
16_len5_st_3,1.9
16_len5_gb_3,1.9
16_len5_gn_2,2.090909090909091
17_len1_st_3,1.7777777777777777
17_len1_bd_1,2.8
18_len5_st_3,2.0
18_len5_bd_1,1.8
18_len5_bd_2,1.7
18_len5_gb_1,1.7272727272727273
18_len5_gb_2,1.9
18_len5_st_1,2.2
19_len2_bd_1,1.5555555555555556
19_len2_bd_2,2.0
19_len2_bd_3,1.3333333333333333
21_len6_gb_1,2.2
21_len6_st_2,1.9166666666666667
22_len1_bd_1,1.9
22_len1_bd_2,1.8
22_len1_gn_1,2.4
24_len2_st_3,2.111111111111111
24_len2_bd_1,1.9
24_len2_bd_2,1.6
24_len2_gb_2,1.9
24_len2_st_2,2.2
26_len3_gn_3,1.7777777777777777
26_len3_st_2,1.6666666666666667
27_len1_st_1,2.0
27_len1_st_2,1.5555555555555556
28_len2_bd_3,1.5555555555555556
28_len2_st_2,1.6
29_len6_gb_2,2.2
30_len5_gb_3,1.7
30_len5_st_2,1.818181818181818
31_len3_gb_1,1.7
31_len3_gn_3,1.6
32_len2_st_3,2.2
32_len2_st_1,2.0
33_len3_bd_3,1.4
33_len3_gb_1,2.1
33_len3_gb_2,1.4
34_len3_gb_2,1.6
35_len4_st_3,2.1818181818181817
35_len4_bd_1,2.1
35_len4_gb_3,1.818181818181818
40_len6_bd_1,2.2222222222222223
40_len6_st_1,2.0
41_len3_bd_2,2.0
42_len3_st_3,1.818181818181818
42_len3_st_1,2.8
42_len3_st_2,2.3
48_len4_bd_1,2.2
48_len4_gb_2,2.0
48_len4_gb_3,1.5555555555555556
53_len4_bd_3,1.6666666666666667
54_len5_gb_1,2.2222222222222223
54_len5_st_2,1.8
55_len5_gn_1,2.2
55_len5_gn_2,2.2
55_len5_gn_3,2.0
59_len1_st_1,2.333333333333333
59_len1_st_2,2.5
60_len1_st_2,2.1
62_len5_bd_1,2.2
62_len5_gn_1,2.4
62_len5_gn_2,2.2
62_len5_st_2,2.1
64_len1_st_3,2.076923076923077
64_len1_gb_3,2.0
64_len1_st_1,2.0
69_len4_st_3,2.0
69_len4_gb_1,2.2
69_len4_gn_1,1.8888888888888888
72_len6_bd_1,2.090909090909091
73_len4_st_3,2.0
73_len4_bd_2,2.2
74_len6_bd_2,1.4444444444444444
74_len6_gn_1,1.4545454545454546
74_len6_st_2,1.5
75_len3_gn_2,1.7
75_len3_st_1,2.3
78_len4_gb_2,2.0
78_len4_gb_3,1.6
82_len1_st_3,2.2
82_len1_gn_3,2.5
82_len1_st_2,2.8
84_len4_st_3,1.9
84_len4_bd_1,1.5
84_len4_gb_3,1.4
84_len4_gn_2,1.5
86_len4_bd_1,1.9
86_len4_gb_3,1.6
86_len4_gn_2,1.9
88_len3_st_3,1.818181818181818
88_len3_bd_1,2.111111111111111
88_len3_bd_2,1.8
88_len3_gb_2,2.111111111111111
89_len2_bd_1,2.6666666666666665
89_len2_gb_2,2.1
89_len2_gn_3,2.0
90_len5_bd_1,2.7
92_len5_bd_1,2.0
92_len5_gb_2,1.9
92_len5_gb_3,2.0
92_len5_gn_3,2.111111111111111
93_len4_st_3,1.6
93_len4_bd_2,2.0
93_len4_gb_3,2.0
93_len4_gn_1,2.0
94_len5_bd_1,2.0
94_len5_bd_3,1.8
94_len5_gn_3,1.9090909090909087
95_len4_st_3,1.4
95_len4_gn_1,2.2
96_len2_bd_3,1.5
97_len4_gn_1,2.3
98_len3_gb_1,2.2
98_len3_st_1,2.1
99_len6_bd_1,2.1666666666666665
99_len6_bd_2,2.0
99_len6_gb_1,1.9166666666666667
99_len6_gb_2,1.9
99_len6_gn_1,2.5
99_len6_st_2,2.0
101_len1_bd_2,1.6666666666666667
101_len1_gb_1,2.2
101_len1_gb_2,2.0
101_len1_gn_3,1.7777777777777777
102_len2_st_3,1.5454545454545454
102_len2_bd_3,1.5
102_len2_st_1,2.0
104_len1_st_3,2.3
104_len1_bd_3,2.0
104_len1_gn_2,2.2
104_len1_st_2,2.2
106_len6_gn_1,2.2
107_len1_bd_1,1.8888888888888888
107_len1_bd_2,2.0
107_len1_bd_3,1.7
108_len3_bd_1,2.0
108_len3_gn_2,2.2
109_len3_bd_1,2.2222222222222223
109_len3_bd_2,2.0
109_len3_gn_2,2.2
111_len5_bd_1,1.8
111_len5_gb_1,2.0
111_len5_gn_1,2.2
112_len2_bd_3,1.6363636363636365
112_len2_gn_3,1.7
113_len3_bd_2,2.0
113_len3_gn_2,2.1
114_len1_gb_3,1.5555555555555556
115_len6_bd_3,1.5
117_len3_bd_3,1.7
117_len3_gb_2,1.5
117_len3_st_2,2.2222222222222223
118_len3_bd_3,1.7
118_len3_gb_1,2.4
118_len3_gb_2,1.7777777777777777
118_len3_st_2,2.2
119_len3_bd_2,2.1666666666666665
119_len3_gb_3,1.8
120_len1_bd_3,1.8
120_len1_st_1,2.3
121_len1_st_3,1.8
121_len1_st_2,2.1666666666666665
122_len1_bd_2,1.5
122_len1_gb_1,2.4444444444444446
122_len1_gn_1,2.8
122_len1_gn_2,2.2
123_len4_bd_2,2.0
123_len4_gb_1,2.3
123_len4_st_2,2.1
124_len3_st_2,1.4166666666666667
125_len2_gn_1,2.333333333333333
125_len2_gn_3,2.2
125_len2_st_1,2.0
127_len1_bd_1,1.7
131_len6_bd_1,1.9
131_len6_gn_1,2.111111111111111
131_len6_st_2,2.0
132_len6_gn_1,2.2
133_len1_gn_3,1.9
133_len1_st_2,1.0
134_len4_bd_2,1.818181818181818
134_len4_gb_1,2.0
134_len4_gb_2,1.8888888888888888
134_len4_gn_1,2.3
134_len4_gn_2,2.0
135_len5_st_3,2.1666666666666665
135_len5_bd_2,1.6
135_len5_bd_3,1.2
136_len4_bd_1,2.0
136_len4_bd_2,1.6
136_len4_bd_3,1.3
136_len4_gb_1,1.9
136_len4_st_1,2.2
137_len4_gb_1,2.1
137_len4_gb_2,2.0
137_len4_gb_3,1.5454545454545454
138_len4_bd_3,1.3333333333333333
138_len4_gb_2,1.8888888888888888
138_len4_gb_3,1.6
138_len4_gn_3,2.0
138_len4_st_1,1.9
139_len6_gb_3,1.7777777777777777
139_len6_st_1,1.8
140_len4_bd_3,1.3636363636363635
142_len6_gn_3,1.7
144_len2_bd_2,2.2
145_len6_st_1,2.0
146_len4_st_3,2.0
146_len4_gb_1,2.0
146_len4_gb_3,1.5
146_len4_st_1,1.6666666666666667
147_len5_bd_3,1.5555555555555556
147_len5_gb_2,1.7
147_len5_gb_3,2.0
148_len6_bd_1,2.111111111111111
148_len6_gn_3,1.9090909090909087
148_len6_st_1,2.333333333333333
148_len6_st_2,2.1
149_len3_gn_1,1.7777777777777777
149_len3_gn_3,2.2
150_len2_gn_2,2.1666666666666665
150_len2_st_1,2.1
151_len3_bd_1,1.6
151_len3_gb_2,1.5
151_len3_gb_3,1.6666666666666667
152_len2_st_3,1.5454545454545454
152_len2_gb_1,2.272727272727273
152_len2_st_2,2.1
153_len1_st_3,1.4545454545454546
153_len1_bd_1,2.333333333333333
153_len1_gb_2,2.0
153_len1_gn_3,2.0
153_len1_st_2,2.2
154_len3_st_3,2.4545454545454546
154_len3_bd_3,1.4
154_len3_gb_1,2.2
154_len3_st_1,2.6
155_len2_gn_1,2.333333333333333
155_len2_gn_3,2.1
156_len1_gn_1,2.2
157_len3_st_3,2.0
157_len3_bd_2,1.5
158_len2_bd_2,2.4444444444444446
158_len2_gb_1,2.111111111111111
158_len2_st_2,1.7
160_len1_st_2,2.2
161_len4_gn_1,2.4444444444444446
161_len4_st_1,1.6666666666666667
162_len1_bd_1,2.0
162_len1_bd_2,1.7
162_len1_gb_2,2.2
162_len1_st_1,2.0
166_len4_gn_3,2.111111111111111
167_len4_st_3,2.0
169_len6_st_2,1.6666666666666667
170_len2_gn_1,2.1
170_len2_gn_3,2.5
171_len3_bd_1,2.0
171_len3_bd_3,1.4
171_len3_gn_2,2.2
173_len4_bd_2,2.2
173_len4_gn_2,1.5
173_len4_st_1,2.0
173_len4_st_2,1.0
174_len6_gn_2,2.0
174_len6_gn_3,1.6
174_len6_st_2,2.1
175_len5_bd_1,2.2
175_len5_gb_2,2.2
175_len5_gn_1,2.6666666666666665
175_len5_gn_2,2.0
179_len1_bd_2,1.7
179_len1_gb_2,2.0
179_len1_gn_1,2.2
179_len1_st_1,2.2222222222222223
180_len3_st_3,1.4
181_len2_bd_3,1.7272727272727273
181_len2_st_1,2.1
181_len2_st_2,2.8
182_len1_st_3,1.7
182_len1_bd_2,1.9166666666666667
182_len1_bd_3,2.0
182_len1_gn_1,2.0
182_len1_st_2,2.111111111111111
183_len2_bd_3,1.7
183_len2_gn_3,2.4
184_len6_bd_3,1.7777777777777777
184_len6_gb_2,1.6666666666666667
184_len6_gn_2,1.6666666666666667
185_len6_gn_2,2.0
185_len6_gn_3,2.2
185_len6_st_2,2.5
187_len5_bd_1,1.9
189_len4_bd_2,1.7
189_len4_gb_2,1.5
189_len4_st_1,2.1818181818181817
190_len2_st_3,2.0
190_len2_bd_2,2.1
190_len2_bd_3,1.9
190_len2_gn_3,1.8333333333333333
192_len1_bd_2,2.1
192_len1_bd_3,1.6
192_len1_gb_2,2.0
192_len1_gn_1,2.2
194_len4_st_3,1.5555555555555556
194_len4_bd_1,2.2
194_len4_bd_2,2.2
194_len4_bd_3,1.4
194_len4_gb_2,1.6666666666666667
194_len4_gn_1,2.3
195_len4_bd_3,1.5
195_len4_gb_1,2.3
195_len4_gb_2,2.2
195_len4_gn_2,2.2
195_len4_gn_3,2.2222222222222223
197_len1_gb_1,2.1
197_len1_gb_2,2.0
197_len1_gn_2,2.0
198_len2_gb_2,2.2
198_len2_gn_3,2.1
199_len2_bd_1,1.8
199_len2_gb_2,1.7272727272727273
199_len2_gn_2,1.9
201_len2_st_3,1.7
201_len2_gb_1,1.9
201_len2_gn_1,2.4
202_len2_gb_3,1.6363636363636365
203_len6_bd_1,1.8
203_len6_gn_3,1.5
203_len6_st_2,2.1818181818181817
204_len4_st_3,2.2
205_len3_bd_1,2.333333333333333
205_len3_bd_2,1.6666666666666667
205_len3_gb_3,1.4
206_len2_gb_1,2.2
206_len2_gb_2,2.2
206_len2_st_2,1.8
207_len1_bd_1,2.1
207_len1_gb_2,1.6
208_len4_st_2,2.2
210_len1_bd_3,1.5555555555555556
210_len1_st_2,2.333333333333333
211_len6_gb_1,2.0
211_len6_st_2,1.8888888888888888
212_len5_gb_3,1.9
212_len5_gn_2,1.9
213_len4_gb_3,1.5
213_len4_gn_3,2.0
214_len3_bd_1,2.2
214_len3_bd_3,1.8
214_len3_gb_2,2.111111111111111
214_len3_gn_2,2.111111111111111
215_len4_bd_1,2.0
215_len4_bd_2,1.9
215_len4_gb_2,2.0
215_len4_gb_3,2.0
216_len2_gn_3,2.4
216_len2_st_2,2.0
217_len2_gb_1,2.5454545454545454
218_len5_st_3,1.7
218_len5_bd_3,1.3
218_len5_gn_1,2.4
218_len5_gn_2,2.1666666666666665
219_len3_bd_1,2.0
219_len3_gb_2,1.3
219_len3_gn_1,1.8
219_len3_st_2,1.6
220_len3_gn_3,2.2
221_len6_gb_3,1.9
221_len6_gn_2,2.5
221_len6_gn_3,2.0
222_len1_gb_3,1.7
222_len1_gn_2,1.8
222_len1_bd_3,1.3
223_len3_st_3,2.1
223_len3_bd_3,1.7
223_len3_gn_2,2.2
224_len3_gb_2,1.6666666666666667
224_len3_gb_3,1.7272727272727273
224_len3_gn_2,2.0
224_len3_st_2,2.0
225_len3_gb_1,2.0
225_len3_gn_3,2.2
225_len3_st_1,2.2
226_len5_bd_3,1.3
228_len5_st_3,1.6
228_len5_gn_3,2.333333333333333
228_len5_st_1,1.8
228_len5_st_2,2.0
230_len3_gb_2,1.5454545454545454
232_len2_bd_2,1.8
232_len2_gn_2,2.1
232_len2_st_1,2.4444444444444446
232_len2_st_2,2.1818181818181817
233_len4_bd_2,1.8
233_len4_gb_1,2.1
233_len4_gb_3,2.0
234_len5_bd_2,1.8888888888888888
234_len5_gn_3,1.7777777777777777
235_len6_bd_1,2.2
235_len6_gb_2,2.2
235_len6_gn_2,2.2
235_len6_st_1,2.0
237_len3_gb_1,2.0
237_len3_gb_3,1.6
237_len3_gn_2,1.8
239_len4_st_3,2.111111111111111
239_len4_bd_1,1.7
239_len4_bd_3,1.3
239_len4_gb_1,2.0
240_len5_st_3,2.0
241_len4_st_3,1.818181818181818
241_len4_bd_2,1.5454545454545454
242_len1_st_3,2.2
242_len1_bd_3,1.2
242_len1_gn_3,1.8888888888888888
243_len1_bd_3,1.3333333333333333
243_len1_gn_3,1.5
244_len4_gn_1,2.0
245_len2_bd_1,2.3
245_len2_bd_2,1.7
245_len2_bd_3,1.3
245_len2_st_2,1.6666666666666667
246_len4_gb_2,2.1
246_len4_st_1,2.1666666666666665
247_len1_bd_1,2.1
247_len1_gn_1,2.3
247_len1_gn_3,2.2
248_len2_gb_3,1.4
249_len2_st_3,1.8888888888888888
249_len2_gb_3,1.6363636363636365
251_len2_st_3,1.9
251_len2_bd_1,2.4444444444444446
252_len2_st_3,2.2
252_len2_bd_3,1.5555555555555556
252_len2_gn_1,2.8
252_len2_st_1,2.2
253_len2_gn_2,2.090909090909091
253_len2_gn_3,1.5454545454545454
253_len2_st_1,1.9
254_len1_gb_1,2.0
257_len3_bd_1,2.8
257_len3_gb_2,1.7777777777777777
257_len3_gn_1,2.8
257_len3_st_2,1.6363636363636365
20_len3_gn_3,2.2
23_len4_st_1,2.7777777777777777
23_len4_st_3,2.1
23_len4_bd_3,1.6
23_len4_gb_1,2.2
39_len3_st_1,2.2
39_len3_st_3,2.3
39_len3_bd_1,2.0
39_len3_bd_2,1.6
39_len3_gn_1,2.0
43_len6_st_3,2.0
43_len6_gn_1,2.8
43_len6_gn_2,1.6
52_len1_gb_2,2.1818181818181817
71_len4_st_3,1.7272727272727273
71_len4_bd_1,1.8
71_len4_gn_2,2.0
71_len4_st_1,2.333333333333333
71_len4_st_2,2.1
178_len4_bd_1,2.2
178_len4_bd_2,1.9090909090909087
178_len4_gb_3,1.9
178_len4_gn_2,2.3
227_len2_gb_3,2.0
1_len3_gb_2,2.0
1_len3_gb_3,1.4444444444444444
1_len3_gn_1,2.2
1_len3_st_2,2.0
2_len2_gb_3,2.090909090909091
2_len2_gn_3,1.8888888888888888
3_len5_gn_2,2.6
3_len5_st_1,2.8
4_len3_gb_1,2.3
4_len3_st_2,2.0
5_len5_bd_3,2.2
5_len5_gb_1,2.6
6_len4_bd_2,1.4
6_len4_gb_1,2.0
6_len4_gb_2,1.8
6_len4_gn_3,1.9
8_len1_st_3,1.9
9_len6_st_3,1.9090909090909087
9_len6_gn_3,2.0
9_len6_st_2,1.7272727272727273
10_len5_bd_1,2.0
10_len5_bd_3,1.6666666666666667
10_len5_gn_2,2.1666666666666665
11_len3_bd_1,2.1
11_len3_gb_3,1.8
11_len3_gn_2,2.333333333333333
12_len1_bd_1,1.5454545454545454
12_len1_gb_2,1.5555555555555556
12_len1_st_2,1.6
13_len4_gn_2,1.9
14_len2_bd_1,2.2
14_len2_gb_1,2.0
14_len2_gn_1,2.3
15_len2_bd_2,1.9
15_len2_bd_3,1.4
16_len5_bd_2,1.6363636363636365
18_len5_gn_2,2.083333333333333
19_len2_st_3,2.111111111111111
19_len2_gn_1,2.0
19_len2_st_2,1.9
21_len6_gb_2,2.2
21_len6_gn_2,1.9090909090909087
21_len6_gn_3,1.8
21_len6_st_1,2.2
22_len1_gb_1,2.2
22_len1_gb_2,2.0
22_len1_gn_3,1.8888888888888888
24_len2_gb_3,2.2
24_len2_gn_3,2.0
26_len3_bd_2,1.5
26_len3_bd_3,1.7
26_len3_gb_1,1.8888888888888888
26_len3_st_1,2.2
27_len1_bd_1,1.8
27_len1_bd_2,1.4444444444444444
27_len1_bd_3,1.2
28_len2_gb_2,2.090909090909091
28_len2_gn_3,1.6666666666666667
29_len6_gb_3,1.6666666666666667
29_len6_st_2,2.1
30_len5_st_3,2.2
30_len5_gb_2,2.0
30_len5_st_1,2.2
31_len3_bd_2,1.6363636363636365
32_len2_gb_2,2.2
33_len3_st_3,2.333333333333333
33_len3_bd_2,1.7
33_len3_st_2,2.0
34_len3_st_3,2.1666666666666665
35_len4_gb_2,2.333333333333333
35_len4_gn_2,2.2
38_len5_bd_1,2.111111111111111
38_len5_gb_3,1.6666666666666667
41_len3_gb_1,2.3
41_len3_gb_3,1.9
41_len3_st_2,2.0
42_len3_bd_2,1.9
42_len3_gb_1,2.2
48_len4_bd_2,2.0
48_len4_gn_1,2.5454545454545454
48_len4_gn_2,2.2
49_len5_gb_3,2.0
50_len6_gb_1,1.9
50_len6_st_2,2.111111111111111
53_len4_gb_3,1.5
53_len4_gn_1,2.0
54_len5_bd_3,1.7
54_len5_gb_2,1.8888888888888888
54_len5_gn_3,1.8888888888888888
54_len5_st_1,2.0
55_len5_bd_1,2.2
55_len5_bd_2,1.6
57_len1_bd_1,2.2
57_len1_bd_2,1.6666666666666667
57_len1_gb_1,2.0
57_len1_gb_2,2.2
57_len1_st_1,2.1666666666666665
57_len1_st_2,2.7
60_len1_st_3,1.7
60_len1_gb_3,1.5
60_len1_gn_1,2.111111111111111
60_len1_st_1,2.2
62_len5_gb_1,2.5
62_len5_gb_3,2.0
64_len1_bd_2,2.2
64_len1_bd_3,1.7777777777777777
64_len1_gn_2,1.9
64_len1_gn_3,2.0
64_len1_st_2,2.0
69_len4_gb_3,1.6666666666666667
72_len6_bd_3,2.0
73_len4_bd_1,2.0
73_len4_gb_1,2.3
74_len6_bd_1,1.3636363636363635
74_len6_bd_3,1.0909090909090908
74_len6_gb_2,1.4
74_len6_gb_3,1.3
74_len6_gn_2,1.4
74_len6_gn_3,2.0
74_len6_st_1,1.5555555555555556
75_len3_gb_1,2.333333333333333
75_len3_gb_3,1.5555555555555556
75_len3_gn_3,1.7
78_len4_bd_1,1.8
78_len4_bd_2,1.6
82_len1_bd_3,2.1
82_len1_gn_2,2.1
84_len4_gb_1,1.6
86_len4_st_3,2.2222222222222223
86_len4_bd_2,1.6
86_len4_gb_1,2.111111111111111
86_len4_st_1,2.2
87_len3_st_3,2.0
87_len3_bd_1,2.1
87_len3_bd_3,1.6666666666666667
87_len3_gb_1,2.333333333333333
87_len3_gb_3,1.6
87_len3_gn_1,1.9
88_len3_gb_1,2.0
88_len3_gb_3,1.5555555555555556
88_len3_gn_1,2.2
88_len3_st_1,2.2
89_len2_gb_3,1.9090909090909087
90_len5_st_3,2.3
90_len5_bd_2,2.2
90_len5_gb_2,2.2
92_len5_st_1,2.0
92_len5_st_2,1.6
93_len4_gb_1,2.0
93_len4_gn_3,2.0
93_len4_st_2,1.7
94_len5_gn_2,2.5
94_len5_st_1,2.2
95_len4_st_1,1.9090909090909087
96_len2_bd_2,2.0
96_len2_st_1,2.0
97_len4_gb_1,2.6
97_len4_gn_3,2.3
98_len3_bd_2,2.2
99_len6_st_3,1.6666666666666667
99_len6_gb_3,1.6
99_len6_st_1,2.5
104_len1_gb_1,2.0
104_len1_st_1,2.2222222222222223
106_len6_bd_1,2.0
106_len6_bd_2,2.0
106_len6_bd_3,1.3333333333333333
106_len6_gb_1,1.7272727272727273
106_len6_gb_2,1.5555555555555556
107_len1_gn_3,1.7272727272727273
107_len1_st_2,1.9
108_len3_bd_3,1.1
108_len3_gn_3,1.8
108_len3_st_1,2.1818181818181817
108_len3_st_2,2.2
109_len3_gn_3,2.0
110_len5_bd_1,2.8
110_len5_bd_3,2.0
111_len5_bd_2,2.0
111_len5_st_2,2.0
112_len2_st_3,2.0
112_len2_bd_2,1.7
112_len2_st_2,2.1
113_len3_bd_3,2.0
113_len3_gb_2,2.0
113_len3_gn_1,2.5
113_len3_st_2,1.8888888888888888
114_len1_bd_3,1.2
114_len1_gb_2,1.5
114_len1_gn_1,2.1666666666666665
114_len1_gn_2,2.111111111111111
114_len1_gn_3,1.818181818181818
114_len1_st_2,1.7
115_len6_gn_1,2.8
115_len6_gn_2,2.0
117_len3_bd_2,1.4
119_len3_gb_1,2.5
119_len3_gn_2,2.090909090909091
119_len3_gn_3,2.3
119_len3_st_1,2.2
120_len1_gb_1,2.4
120_len1_gn_2,2.2
121_len1_gn_3,2.2
121_len1_st_1,2.333333333333333
122_len1_st_3,1.3
122_len1_bd_1,1.8
122_len1_bd_3,1.2222222222222223
122_len1_gb_2,2.0
122_len1_st_1,2.333333333333333
123_len4_bd_1,2.2
124_len3_bd_2,1.9
124_len3_gb_1,1.7777777777777777
125_len2_st_3,2.0
125_len2_bd_3,1.4
125_len2_st_2,2.0
127_len1_gb_2,1.7777777777777777
127_len1_gn_2,2.0
127_len1_st_2,2.1
129_len2_st_3,2.0
129_len2_bd_1,2.0
129_len2_st_2,1.7
130_len2_bd_2,1.6
130_len2_gn_1,2.3
130_len2_st_1,1.8
130_len2_st_2,2.0
131_len6_st_3,2.3
131_len6_gn_3,2.2
132_len6_st_1,2.0
132_len6_st_2,1.7
133_len1_gb_1,2.2
133_len1_gb_3,1.5384615384615383
133_len1_st_1,1.8
134_len4_gn_3,1.7
135_len5_gb_2,1.4444444444444444
135_len5_gb_3,1.4
135_len5_st_2,1.8
136_len4_st_3,1.9
137_len4_bd_1,2.3
137_len4_gn_2,2.0
138_len4_st_2,2.2
139_len6_gb_1,2.0
140_len4_gn_1,2.3
140_len4_gn_2,1.8888888888888888
141_len5_gb_1,2.0
142_len6_gn_1,2.4
142_len6_gn_2,1.9090909090909087
142_len6_st_1,2.0
144_len2_gn_1,2.4
144_len2_gn_2,2.6
144_len2_st_1,2.2
145_len6_bd_3,1.3636363636363635
145_len6_gb_1,2.0
145_len6_st_2,1.7272727272727273
146_len4_gb_2,1.818181818181818
146_len4_gn_2,1.6
147_len5_st_3,2.2
147_len5_bd_1,1.8571428571428568
147_len5_gb_1,2.2
147_len5_gn_1,2.4
147_len5_gn_2,2.111111111111111
148_len6_st_3,1.818181818181818
148_len6_gn_1,2.1818181818181817
150_len2_bd_1,2.2
150_len2_gb_1,2.333333333333333
150_len2_gb_3,1.6
151_len3_st_3,1.6666666666666667
151_len3_bd_2,1.3333333333333333
151_len3_gb_1,2.0
151_len3_st_1,2.0
152_len2_gb_2,2.2222222222222223
152_len2_gb_3,1.8
152_len2_gn_1,2.8
153_len1_gb_3,1.3333333333333333
153_len1_gn_1,2.5
153_len1_gn_2,2.0
153_len1_st_1,2.5
155_len2_st_3,2.0
155_len2_bd_1,1.8
155_len2_gb_2,1.8
156_len1_bd_2,2.0
156_len1_gb_1,2.2
156_len1_gn_3,2.2
157_len3_gb_1,2.3
158_len2_bd_1,2.833333333333333
158_len2_gn_2,2.090909090909091
159_len4_gb_1,1.9
160_len1_st_3,2.2
160_len1_bd_1,1.818181818181818
160_len1_gb_3,1.8
160_len1_gn_3,2.111111111111111
160_len1_st_1,2.4
161_len4_bd_3,1.6923076923076923
162_len1_gn_3,2.0
163_len5_bd_1,2.0
163_len5_gb_3,1.7777777777777777
163_len5_st_2,1.8
164_len6_bd_1,1.5454545454545454
164_len6_st_2,2.0
166_len4_bd_1,1.9
166_len4_gb_2,2.6666666666666665
166_len4_st_1,2.2
166_len4_st_2,2.2
167_len4_gn_1,2.3
167_len4_st_1,2.2
169_len6_gb_1,2.2
169_len6_gn_2,2.111111111111111
169_len6_gn_3,1.7
170_len2_st_3,2.0
170_len2_bd_2,1.9
170_len2_gn_2,2.1666666666666665
170_len2_st_1,2.7
170_len2_st_2,2.2222222222222223
171_len3_gn_1,2.8
171_len3_st_1,2.0
174_len6_bd_3,1.4444444444444444
174_len6_gb_1,2.2
175_len5_bd_3,1.3
176_len5_gn_2,2.0
176_len5_st_1,2.1818181818181817
179_len1_st_3,1.9090909090909087
179_len1_bd_1,2.1666666666666665
179_len1_gb_3,1.6
180_len3_bd_2,1.6363636363636365
180_len3_gb_3,1.818181818181818
180_len3_st_1,2.2
181_len2_bd_2,2.0
181_len2_gb_1,2.2222222222222223
182_len1_bd_1,2.4
182_len1_gb_1,2.111111111111111
182_len1_gn_3,1.7777777777777777
183_len2_bd_2,1.7777777777777777
184_len6_st_3,1.9
184_len6_bd_2,1.8888888888888888
184_len6_gb_1,1.818181818181818
184_len6_gn_1,2.0
184_len6_gn_3,1.6
185_len6_bd_2,2.2
185_len6_gb_1,2.5
185_len6_gb_3,2.0
187_len5_st_3,2.8181818181818183
187_len5_gn_2,1.8
187_len5_st_2,2.0
189_len4_gb_3,1.4545454545454546
190_len2_gn_2,2.2
190_len2_st_2,2.0
192_len1_bd_1,2.1666666666666665
192_len1_gb_3,1.8
192_len1_gn_3,2.2
192_len1_st_2,1.6
194_len4_st_2,2.0
195_len4_st_3,1.6
195_len4_gb_3,1.8
195_len4_gn_1,2.833333333333333
197_len1_gb_3,1.9090909090909087
198_len2_bd_3,2.2
198_len2_st_2,2.2222222222222223
199_len2_bd_3,1.4444444444444444
199_len2_gn_1,2.2
199_len2_gn_3,2.2
199_len2_st_1,2.1666666666666665
201_len2_bd_1,2.0
201_len2_bd_2,2.2
202_len2_bd_2,2.0
202_len2_gn_1,2.3
202_len2_st_1,2.0
202_len2_st_2,1.8888888888888888
203_len6_gb_1,2.0
203_len6_gn_1,2.333333333333333
204_len4_st_2,2.1
205_len3_bd_3,1.8
205_len3_gb_1,2.1
206_len2_st_3,1.7
206_len2_bd_1,2.111111111111111
206_len2_bd_2,1.6666666666666667
206_len2_gn_2,2.0
206_len2_gn_3,1.6666666666666667
207_len1_gn_2,2.2
207_len1_st_2,2.0
208_len4_gb_1,2.3
208_len4_st_1,2.4
210_len1_gb_2,2.0
211_len6_st_3,1.6363636363636365
211_len6_bd_3,1.5454545454545454
211_len6_gb_3,1.1
211_len6_gn_3,1.7
212_len5_gb_2,1.6
212_len5_gn_1,2.2
213_len4_bd_2,2.0
214_len3_st_1,3.0
215_len4_st_3,2.0
215_len4_st_2,2.2
216_len2_st_3,1.5
216_len2_bd_3,1.4
216_len2_gb_3,1.7
216_len2_gn_1,2.555555555555556
216_len2_st_1,2.0
217_len2_st_2,2.2
218_len5_st_1,2.5
218_len5_st_2,1.9090909090909087
219_len3_st_3,1.6
220_len3_gb_3,1.6
220_len3_gn_1,1.8888888888888888
220_len3_st_1,2.2
220_len3_bd_3,1.4545454545454546
222_len1_gb_2,2.0
222_len1_bd_1,2.111111111111111
223_len3_gn_1,2.7
224_len3_bd_3,1.9
225_len3_bd_1,2.0
225_len3_st_2,1.7
226_len5_st_3,2.2
226_len5_bd_1,2.333333333333333
226_len5_bd_2,1.7
226_len5_gn_1,2.555555555555556
226_len5_st_2,1.6666666666666667
228_len5_gb_2,2.2
230_len3_st_3,2.0
230_len3_bd_2,1.6666666666666667
230_len3_bd_3,1.4
230_len3_gb_1,2.2
230_len3_gb_3,1.9
230_len3_gn_2,2.2
230_len3_st_1,2.2222222222222223
230_len3_st_2,1.8
232_len2_bd_3,1.5555555555555556
232_len2_gn_3,2.0
233_len4_st_3,2.2
233_len4_bd_3,1.5454545454545454
233_len4_gb_2,2.2
234_len5_gn_2,2.0
235_len6_st_3,2.0
237_len3_st_3,2.2
237_len3_bd_1,1.6666666666666667
237_len3_bd_2,1.4545454545454546
237_len3_bd_3,1.4
237_len3_gn_1,2.0
237_len3_gn_3,2.0
239_len4_gb_2,1.8888888888888888
240_len5_gb_2,1.7777777777777777
240_len5_gb_3,2.0
241_len4_bd_3,1.4
241_len4_gb_1,1.7
242_len1_gb_2,1.8888888888888888
243_len1_bd_2,1.5
243_len1_gn_1,2.333333333333333
244_len4_st_2,1.8
245_len2_st_3,1.5454545454545454
246_len4_bd_3,1.8
246_len4_gb_3,1.8
247_len1_st_3,1.9
247_len1_bd_2,1.6
247_len1_gn_2,2.2
247_len1_st_1,2.1666666666666665
247_len1_st_2,1.9090909090909087
248_len2_bd_2,1.8
248_len2_bd_3,1.3
248_len2_gn_2,2.2
248_len2_gn_3,1.8
249_len2_bd_3,1.8
249_len2_gn_1,1.8888888888888888
249_len2_st_2,1.8
250_len2_bd_1,2.2
250_len2_gn_1,2.0
250_len2_gn_3,2.2
251_len2_bd_3,1.4
251_len2_gn_1,2.5
251_len2_gn_2,2.8
251_len2_st_1,2.0
252_len2_gn_3,1.6666666666666667
253_len2_bd_1,2.272727272727273
253_len2_bd_2,1.6
253_len2_st_2,1.8
254_len1_st_3,1.4
254_len1_bd_2,1.4
254_len1_bd_3,1.3
254_len1_gb_2,1.7
254_len1_gn_1,2.2222222222222223
254_len1_st_2,1.6666666666666667
255_len5_bd_1,2.4
255_len5_st_1,2.3
255_len5_st_2,2.1
257_len3_st_3,1.7
257_len3_gb_3,1.7272727272727273
258_len2_bd_1,2.2
258_len2_bd_2,1.9
20_len3_st_1,2.5
20_len3_st_2,2.363636363636364
20_len3_st_3,2.2
20_len3_gb_1,1.8888888888888888
23_len4_st_2,2.2
23_len4_bd_1,2.333333333333333
39_len3_st_2,2.1
39_len3_bd_3,2.0
39_len3_gn_2,1.9
43_len6_st_2,1.9
43_len6_gb_2,2.0
43_len6_gb_3,1.7777777777777777
52_len1_bd_3,2.2
52_len1_gb_3,2.0
52_len1_gn_3,2.2
52_len1_st_2,1.8
71_len4_gb_2,2.2
178_len4_st_2,2.1818181818181817
178_len4_st_3,1.6666666666666667
178_len4_gb_1,2.8
178_len4_gn_1,2.4545454545454546
178_len4_gn_3,2.111111111111111
227_len2_gb_2,2.1
227_len2_gn_1,2.6
1_len3_st_3,2.0
1_len3_bd_3,1.5
1_len3_gb_1,2.3
1_len3_st_1,2.2
2_len2_bd_3,1.6
2_len2_gb_1,2.3
2_len2_gn_1,2.4
3_len5_gb_1,2.111111111111111
3_len5_gb_2,2.2
3_len5_gn_1,2.5
3_len5_gn_3,2.2
4_len3_st_3,2.0
4_len3_bd_3,1.5555555555555556
4_len3_gn_2,2.2
4_len3_st_1,2.4444444444444446
6_len4_bd_1,1.7
6_len4_bd_3,1.5
6_len4_st_2,1.6
8_len1_gb_2,1.7
8_len1_gb_3,1.6
8_len1_gn_1,2.1
8_len1_st_1,1.8
9_len6_gb_3,2.2
9_len6_gn_1,2.5454545454545454
9_len6_gn_2,2.2
10_len5_st_3,2.0
10_len5_bd_2,2.0
10_len5_gb_1,2.5
11_len3_bd_3,1.8
11_len3_st_2,1.6666666666666667
12_len1_gn_1,2.4444444444444446
12_len1_st_1,2.0
13_len4_gn_1,2.5
14_len2_bd_3,2.0
15_len2_gb_2,1.7
15_len2_gn_3,1.8888888888888888
15_len2_st_1,2.2
15_len2_st_2,1.8
16_len5_gb_2,2.2
17_len1_bd_3,1.6
17_len1_st_1,2.1666666666666665
18_len5_bd_3,1.6666666666666667
18_len5_st_2,2.0
19_len2_gb_3,1.4
19_len2_st_1,2.2
21_len6_bd_2,1.8
22_len1_gn_2,2.0
24_len2_gb_1,2.0
26_len3_gb_3,1.6
27_len1_st_3,2.0
27_len1_gb_3,1.2727272727272727
27_len1_gn_2,1.6
27_len1_gn_3,1.7272727272727273
28_len2_bd_1,2.1
28_len2_bd_2,2.0
29_len6_bd_1,1.9
29_len6_gn_2,2.1666666666666665
29_len6_gn_3,2.2222222222222223
29_len6_st_1,2.083333333333333
30_len5_bd_1,1.7777777777777777
31_len3_gb_2,1.6
32_len2_bd_3,1.9
32_len2_gn_2,2.2
33_len3_gb_3,1.7
33_len3_st_1,2.0
34_len3_bd_1,1.5454545454545454
34_len3_gb_1,1.9
34_len3_gn_1,2.4444444444444446
35_len4_bd_3,2.2
35_len4_gn_1,2.7777777777777777
35_len4_gn_3,2.4
35_len4_st_1,2.7
38_len5_st_3,1.6
38_len5_gb_1,2.0
38_len5_st_1,1.75
38_len5_st_2,1.3
40_len6_bd_2,1.8
40_len6_gb_3,1.4444444444444444
41_len3_bd_3,1.8
41_len3_gn_2,2.4
41_len3_gn_3,1.9
48_len4_st_1,2.272727272727273
49_len5_bd_1,1.9
49_len5_st_1,1.9
50_len6_bd_3,1.3333333333333333
50_len6_gb_2,1.8
50_len6_gb_3,1.6666666666666667
50_len6_gn_2,1.7777777777777777
53_len4_bd_2,1.9
53_len4_st_1,2.111111111111111
53_len4_st_2,2.2
54_len5_st_3,1.5
54_len5_bd_2,1.9090909090909087
55_len5_st_3,1.5555555555555556
55_len5_gb_1,2.6666666666666665
57_len1_bd_3,2.0
59_len1_st_3,1.8
59_len1_bd_2,1.5
59_len1_bd_3,1.8
59_len1_gb_1,2.8
59_len1_gn_1,2.1
59_len1_gn_2,1.818181818181818
60_len1_bd_1,2.1818181818181817
62_len5_bd_2,2.0
62_len5_gb_2,1.8
64_len1_gb_2,2.0
69_len4_gn_3,1.8
72_len6_gb_2,1.818181818181818
72_len6_gn_1,2.333333333333333
72_len6_st_2,1.9
73_len4_gb_2,2.3
73_len4_gn_3,2.0
75_len3_st_3,1.5
75_len3_bd_2,1.3333333333333333
75_len3_st_2,1.6
78_len4_gn_2,2.0
78_len4_gn_3,1.8
82_len1_st_1,2.2
84_len4_st_2,1.6666666666666667
86_len4_gb_2,2.0
86_len4_gn_1,2.2
86_len4_gn_3,2.0
87_len3_bd_2,2.0
87_len3_gn_3,1.818181818181818
87_len3_st_2,1.9
89_len2_bd_2,2.0
90_len5_bd_3,1.8
90_len5_gn_3,2.4
90_len5_st_2,1.7777777777777777
92_len5_gb_1,2.1
94_len5_st_3,1.0
95_len4_bd_1,2.1666666666666665
95_len4_bd_2,1.5
95_len4_gb_1,2.2
95_len4_gb_2,1.6
96_len2_st_3,1.7272727272727273
96_len2_gb_2,2.0
96_len2_gn_1,2.5
96_len2_gn_2,2.2
96_len2_gn_3,2.1
96_len2_st_2,2.2
97_len4_bd_1,2.5
97_len4_bd_3,1.7777777777777777
97_len4_gb_3,2.1
97_len4_st_1,2.8
98_len3_bd_1,2.2
98_len3_bd_3,1.6
99_len6_bd_3,1.5
101_len1_bd_1,2.1666666666666665
101_len1_gn_1,2.333333333333333
101_len1_st_1,1.8888888888888888
102_len2_bd_1,1.9
104_len1_bd_1,2.8181818181818183
104_len1_gn_3,1.9090909090909087
106_len6_st_3,1.5
107_len1_gb_2,2.0
107_len1_gb_3,1.4444444444444444
107_len1_gn_1,2.333333333333333
108_len3_st_3,1.8
108_len3_bd_2,1.6
108_len3_gb_3,1.9
109_len3_bd_3,1.7777777777777777
109_len3_gb_1,2.1666666666666665
109_len3_gb_3,2.2
110_len5_gb_1,2.0
110_len5_gb_3,1.818181818181818
111_len5_st_3,1.7
111_len5_bd_3,1.5
111_len5_st_1,1.7777777777777777
112_len2_gb_1,2.8
113_len3_st_3,1.9
113_len3_gb_3,2.1666666666666665
113_len3_gn_3,2.0
114_len1_st_3,1.6
114_len1_st_1,2.0
115_len6_bd_2,1.5555555555555556
115_len6_st_1,2.5
115_len6_st_2,1.7
117_len3_gn_1,2.111111111111111
117_len3_gn_2,2.1666666666666665
118_len3_st_3,1.8
118_len3_bd_2,1.7
118_len3_gn_1,2.6
118_len3_gn_2,2.0
118_len3_st_1,2.6666666666666665
119_len3_st_3,2.1
119_len3_bd_1,2.5
119_len3_gn_1,2.4545454545454546
120_len1_bd_2,1.7777777777777777
121_len1_gb_1,2.0
121_len1_gb_2,2.0
121_len1_gn_1,2.363636363636364
123_len4_st_3,1.8888888888888888
123_len4_bd_3,2.090909090909091
123_len4_gn_3,2.0
123_len4_st_1,2.2
124_len3_bd_1,1.7272727272727273
124_len3_gb_3,1.6
124_len3_gn_1,2.3
124_len3_st_1,2.0
125_len2_bd_2,2.0
125_len2_gb_1,2.2
125_len2_gb_2,2.0
127_len1_gn_1,2.1
127_len1_gn_3,1.9
129_len2_bd_2,1.8
130_len2_bd_3,1.3
130_len2_gn_2,1.6
130_len2_gn_3,1.7272727272727273
131_len6_gb_1,2.3
132_len6_gn_2,1.8
133_len1_gb_2,2.2
134_len4_st_3,2.0
134_len4_bd_3,1.4
134_len4_st_1,2.0
135_len5_gn_1,2.1
135_len5_gn_2,1.6
135_len5_gn_3,1.6666666666666667
136_len4_gn_2,2.1818181818181817
137_len4_bd_3,1.5555555555555556
137_len4_gn_1,2.4545454545454546
137_len4_st_1,2.2
138_len4_st_3,2.111111111111111
138_len4_bd_1,2.3
138_len4_gb_1,2.363636363636364
138_len4_gn_2,2.0
139_len6_bd_3,1.5
139_len6_gn_2,1.8
139_len6_gn_3,1.6666666666666667
140_len4_bd_1,1.6666666666666667
140_len4_bd_2,1.4
140_len4_gn_3,1.4
140_len4_st_1,2.2
140_len4_st_2,1.5555555555555556
141_len5_st_3,1.7
141_len5_gn_1,2.5
141_len5_gn_2,2.2
142_len6_bd_3,2.2
144_len2_gb_2,2.0
144_len2_gb_3,1.8888888888888888
145_len6_st_3,1.7777777777777777
145_len6_bd_1,2.111111111111111
145_len6_bd_2,1.9
145_len6_gb_3,1.4
145_len6_gn_3,1.8
146_len4_bd_1,1.8
146_len4_bd_2,1.4444444444444444
146_len4_gn_3,1.0
146_len4_st_2,1.5555555555555556
148_len6_gb_2,2.083333333333333
148_len6_gn_2,2.2
149_len3_gb_1,1.7
150_len2_bd_2,2.2222222222222223
150_len2_st_2,2.1
151_len3_gn_3,1.5
152_len2_bd_3,1.7
152_len2_gn_2,2.2
153_len1_bd_2,1.9090909090909087
153_len1_bd_3,1.6666666666666667
155_len2_gb_1,2.2
156_len1_st_3,1.9
156_len1_bd_1,2.1
156_len1_gb_3,1.7
157_len3_bd_1,1.9
157_len3_gn_1,2.2
157_len3_st_2,2.0
158_len2_st_3,2.2
158_len2_gb_2,2.111111111111111
158_len2_gn_3,2.1
158_len2_st_1,1.8
159_len4_bd_2,2.0
159_len4_gb_3,1.6666666666666667
159_len4_gn_1,2.2
159_len4_gn_3,1.9
159_len4_st_2,2.090909090909091
160_len1_gn_1,2.0
161_len4_st_3,1.8
161_len4_gb_1,2.8
161_len4_gb_2,2.2
161_len4_gb_3,2.0
161_len4_gn_3,1.3
161_len4_st_2,1.7
162_len1_bd_3,1.7
162_len1_gn_1,2.4
162_len1_st_2,2.0
163_len5_bd_2,2.2
163_len5_gb_2,2.0
163_len5_gn_2,2.363636363636364
163_len5_gn_3,2.0
164_len6_bd_3,1.5
164_len6_gb_1,2.2
164_len6_gb_3,1.4
164_len6_gn_1,2.0
164_len6_gn_2,2.0
164_len6_gn_3,1.8
166_len4_st_3,2.111111111111111
166_len4_bd_3,1.5555555555555556
166_len4_gb_1,2.2
166_len4_gb_3,1.6666666666666667
167_len4_bd_2,1.5
167_len4_gb_1,2.4
167_len4_gn_3,1.8888888888888888
169_len6_bd_1,2.2
169_len6_bd_2,1.5454545454545454
169_len6_gb_2,1.4
169_len6_gb_3,1.9
170_len2_bd_3,2.111111111111111
170_len2_gb_3,1.9
171_len3_st_3,1.4545454545454546
171_len3_bd_2,2.0
171_len3_gn_3,2.111111111111111
171_len3_st_2,1.6
173_len4_st_3,1.4
173_len4_gb_1,2.2
173_len4_gb_2,2.0
173_len4_gb_3,1.6
174_len6_gb_2,1.8
175_len5_bd_2,1.6
175_len5_gn_3,2.0
175_len5_st_1,2.5
175_len5_st_2,2.333333333333333
176_len5_bd_2,1.5555555555555556
176_len5_gb_1,2.272727272727273
176_len5_gn_3,1.9
179_len1_bd_3,1.3333333333333333
179_len1_gb_1,2.2
180_len3_bd_3,1.7
180_len3_gb_1,2.0
180_len3_gn_1,2.333333333333333
180_len3_gn_2,2.2
180_len3_gn_3,2.0
183_len2_gn_2,2.0
184_len6_st_1,2.0
185_len6_st_3,1.8888888888888888
185_len6_gb_2,2.2
185_len6_gn_1,2.8
185_len6_st_1,2.5
187_len5_gb_1,2.1818181818181817
187_len5_gb_3,2.0
187_len5_gn_1,2.3
189_len4_bd_3,1.5555555555555556
189_len4_gb_1,2.0
189_len4_gn_2,2.2
190_len2_gb_2,2.0
192_len1_gn_2,2.0
192_len1_st_1,2.090909090909091
194_len4_gb_3,1.8
194_len4_st_1,2.0
197_len1_st_3,2.1666666666666665
197_len1_bd_2,1.9
197_len1_bd_3,2.1666666666666665
197_len1_gn_1,2.111111111111111
198_len2_bd_1,2.0
199_len2_bd_2,2.1
199_len2_gb_1,2.2
201_len2_gb_2,2.333333333333333
201_len2_st_1,1.9
203_len6_st_3,1.8
203_len6_gb_2,1.6
204_len4_bd_2,1.0
204_len4_gn_2,2.2
205_len3_st_3,1.5454545454545454
205_len3_gb_2,2.0
205_len3_st_1,2.5
206_len2_gb_3,1.8
206_len2_st_1,1.7777777777777777
207_len1_st_3,2.2
207_len1_gb_3,1.3333333333333333
207_len1_gn_1,2.2222222222222223
207_len1_st_1,2.0
208_len4_bd_3,1.6
208_len4_gb_2,2.1666666666666665
208_len4_gb_3,2.0
208_len4_gn_1,2.2
208_len4_gn_3,1.8888888888888888
210_len1_st_3,2.3
210_len1_gn_1,2.8
210_len1_gn_2,2.1666666666666665
212_len5_gn_3,1.8
213_len4_st_3,1.9
213_len4_bd_1,2.2
213_len4_gb_1,2.111111111111111
213_len4_gb_2,2.0
213_len4_gn_1,2.0
214_len3_gb_1,2.4444444444444446
214_len3_st_2,2.0
215_len4_gn_1,2.4
216_len2_bd_1,1.6
216_len2_bd_2,1.7
216_len2_gb_2,1.8888888888888888
217_len2_st_3,1.8
217_len2_gb_2,1.9
218_len5_bd_1,1.7272727272727273
218_len5_gb_2,1.9090909090909087
219_len3_bd_2,1.5555555555555556
219_len3_gb_3,1.3
219_len3_gn_2,1.4166666666666667
220_len3_gb_2,1.4
220_len3_bd_2,2.2
221_len6_st_3,2.0
221_len6_bd_3,1.7777777777777777
221_len6_gb_2,2.0
222_len1_st_1,1.8
222_len1_st_3,2.1
223_len3_bd_2,1.9
223_len3_gb_2,1.9
223_len3_gb_3,2.1666666666666665
223_len3_st_2,2.333333333333333
224_len3_st_1,1.8888888888888888
224_len3_st_3,2.2
224_len3_bd_1,2.333333333333333
224_len3_bd_2,2.1666666666666665
224_len3_gb_1,2.2222222222222223
225_len3_st_3,1.6363636363636365
225_len3_gb_2,1.8
226_len5_gb_2,1.7777777777777777
226_len5_gn_2,2.2
228_len5_bd_2,1.4545454545454546
228_len5_gb_3,1.7
232_len2_bd_1,2.2
233_len4_bd_1,1.8
233_len4_gn_3,2.2222222222222223
233_len4_st_2,2.111111111111111
234_len5_bd_1,2.111111111111111
234_len5_bd_3,1.3636363636363635
234_len5_gb_1,2.2
234_len5_gb_2,1.8
234_len5_gn_1,2.6
235_len6_bd_2,1.6666666666666667
235_len6_bd_3,1.6
235_len6_gb_3,1.7777777777777777
235_len6_gn_1,2.272727272727273
239_len4_gn_1,2.1818181818181817
239_len4_gn_2,2.1666666666666665
239_len4_st_1,2.3
239_len4_st_2,2.2
240_len5_st_1,2.272727272727273
241_len4_bd_1,1.9090909090909087
241_len4_gb_2,1.7
241_len4_gn_1,2.2
241_len4_gn_2,1.9
242_len1_gn_2,1.818181818181818
242_len1_st_1,2.111111111111111
243_len1_st_3,1.6666666666666667
243_len1_bd_1,1.7
243_len1_gb_2,1.7
244_len4_bd_1,1.7272727272727273
244_len4_bd_2,2.0
244_len4_gb_2,2.0
245_len2_gb_1,2.2
245_len2_gn_2,2.2
246_len4_st_3,2.0
246_len4_gn_2,2.8
246_len4_gn_3,2.2
247_len1_gb_1,2.0
247_len1_gb_3,1.5
248_len2_gn_1,2.2
249_len2_bd_1,2.2
249_len2_bd_2,2.0
250_len2_gb_3,1.3636363636363635
250_len2_st_1,2.5
251_len2_gb_1,2.3
251_len2_gn_3,2.3
252_len2_bd_1,2.0
252_len2_gb_1,2.2
252_len2_gb_3,1.6
253_len2_st_3,1.9
253_len2_gb_2,1.7777777777777777
253_len2_gb_3,2.0
253_len2_gn_1,2.4
254_len1_bd_1,2.2
255_len5_bd_3,1.5454545454545454
257_len3_bd_3,1.4
257_len3_gn_2,2.0
257_len3_st_1,1.8
258_len2_st_3,1.6
258_len2_gb_3,2.2
258_len2_gn_1,2.363636363636364
258_len2_gn_3,1.9
258_len2_st_1,2.2
23_len4_bd_2,1.4444444444444444
39_len3_gb_3,1.7777777777777777
43_len6_bd_2,1.6666666666666667
43_len6_gb_1,2.4444444444444446
52_len1_bd_2,2.0
71_len4_bd_2,1.8
71_len4_bd_3,1.5
178_len4_st_1,2.2222222222222223
227_len2_gb_1,3.0
227_len2_gn_3,2.090909090909091
1_len3_bd_1,1.8
2_len2_bd_1,2.3
2_len2_gn_2,2.0
2_len2_st_2,2.0
4_len3_gb_2,1.9
4_len3_gb_3,2.0
4_len3_gn_1,2.8
5_len5_gn_1,2.2222222222222223
5_len5_gn_3,2.0
6_len4_gn_1,2.333333333333333
6_len4_gn_2,1.7777777777777777
6_len4_st_1,1.8
9_len6_gb_1,2.2
9_len6_st_1,2.2
10_len5_gn_3,2.0
10_len5_st_2,2.2
11_len3_gb_1,1.9
11_len3_gn_3,1.9
12_len1_st_3,1.9
12_len1_bd_2,1.3
12_len1_bd_3,1.0
12_len1_gb_3,1.5555555555555556
13_len4_st_3,1.8
13_len4_bd_3,1.5
13_len4_gb_3,1.8333333333333333
13_len4_gn_3,2.333333333333333
13_len4_st_1,2.1
14_len2_st_3,1.5555555555555556
14_len2_gb_3,1.8
14_len2_gn_2,2.1666666666666665
14_len2_gn_3,2.3
15_len2_gb_3,1.5
15_len2_gn_1,2.4
16_len5_gb_1,2.0
16_len5_gn_1,2.111111111111111
17_len1_bd_2,2.4444444444444446
17_len1_gb_2,2.0
18_len5_gb_3,1.3636363636363635
19_len2_gb_1,2.111111111111111
19_len2_gn_2,2.2
19_len2_gn_3,1.6
21_len6_bd_1,2.0
22_len1_st_3,1.6363636363636365
22_len1_gb_3,1.4444444444444444
22_len1_st_2,2.0
24_len2_bd_3,1.7
24_len2_gn_1,2.4444444444444446
24_len2_st_1,2.363636363636364
26_len3_bd_1,2.1818181818181817
26_len3_gn_1,2.272727272727273
26_len3_gn_2,2.272727272727273
28_len2_gb_1,2.2
28_len2_gb_3,2.0
28_len2_gn_1,2.2
28_len2_st_1,2.3
29_len6_gb_1,2.3
30_len5_bd_3,1.6363636363636365
30_len5_gn_2,2.4
30_len5_gn_3,2.0
31_len3_bd_1,1.5
31_len3_gb_3,1.6
31_len3_gn_1,2.0
31_len3_gn_2,2.0
31_len3_st_1,2.0
31_len3_st_2,1.4444444444444444
32_len2_gn_1,2.2
32_len2_gn_3,1.6666666666666667
32_len2_st_2,2.0
33_len3_gn_3,2.2
34_len3_bd_3,1.3333333333333333
34_len3_gb_3,1.9090909090909087
34_len3_gn_2,2.2222222222222223
34_len3_st_2,2.3
35_len4_gb_1,2.8
38_len5_bd_2,1.9166666666666667
38_len5_bd_3,1.4
38_len5_gn_3,2.272727272727273
40_len6_st_3,2.0
40_len6_bd_3,1.9
40_len6_gb_2,1.6666666666666667
40_len6_gn_1,2.0
41_len3_bd_1,2.333333333333333
42_len3_bd_1,2.4
42_len3_gb_2,1.8
42_len3_gb_3,1.5
48_len4_bd_3,1.5
48_len4_gb_1,2.0
48_len4_gn_3,1.9
49_len5_st_3,2.0
49_len5_bd_2,1.7
49_len5_bd_3,1.5454545454545454
49_len5_gb_1,2.1666666666666665
49_len5_gn_2,2.2
50_len6_st_3,2.0
50_len6_bd_1,2.0
50_len6_bd_2,1.6
50_len6_gn_3,2.2222222222222223
50_len6_st_1,1.9
53_len4_gb_2,1.7
53_len4_gn_2,2.0
53_len4_gn_3,1.5454545454545454
54_len5_bd_1,2.333333333333333
54_len5_gn_1,2.3
55_len5_gb_3,1.5
55_len5_st_2,1.9
57_len1_gb_3,1.9090909090909087
57_len1_gn_2,1.9090909090909087
57_len1_gn_3,2.2
59_len1_gb_2,1.9
59_len1_gn_3,2.2222222222222223
60_len1_bd_3,1.7
62_len5_bd_3,1.9
62_len5_gn_3,2.0
62_len5_st_1,1.9
64_len1_bd_1,2.1
64_len1_gb_1,2.0
64_len1_gn_1,2.2
69_len4_bd_1,1.5
69_len4_bd_3,1.2
69_len4_gn_2,1.8888888888888888
69_len4_st_2,1.9090909090909087
72_len6_bd_2,2.2
72_len6_st_1,1.9
73_len4_gb_3,1.818181818181818
73_len4_gn_2,2.0
73_len4_st_1,1.7777777777777777
74_len6_st_3,1.1
75_len3_bd_1,1.9
75_len3_gb_2,1.8888888888888888
78_len4_st_3,2.0
78_len4_gb_1,2.1666666666666665
82_len1_bd_1,2.3
82_len1_gb_3,2.4444444444444446
84_len4_gb_2,1.7777777777777777
84_len4_gn_3,1.5
86_len4_bd_3,1.4
87_len3_gb_2,2.1666666666666665
88_len3_bd_3,2.1
88_len3_gn_2,2.2
88_len3_st_2,1.7
89_len2_gb_1,2.1
89_len2_gn_2,2.2
90_len5_gn_2,2.8
90_len5_st_1,2.2
92_len5_st_3,1.6
92_len5_bd_2,1.5555555555555556
93_len4_bd_3,1.4
93_len4_st_1,2.3
94_len5_bd_2,1.7777777777777777
94_len5_gb_2,2.2
94_len5_st_2,1.9
95_len4_gn_2,2.0
96_len2_gb_3,1.9
97_len4_st_3,2.0
97_len4_bd_2,1.9
97_len4_gn_2,2.4
97_len4_st_2,2.2
98_len3_st_3,1.6666666666666667
98_len3_gb_2,2.2
98_len3_gb_3,1.7272727272727273
98_len3_gn_3,2.272727272727273
98_len3_st_2,1.8
99_len6_gn_2,2.0
101_len1_gb_3,1.6
101_len1_gn_2,1.9
102_len2_bd_2,1.8888888888888888
102_len2_gb_1,2.0
102_len2_gb_2,1.8888888888888888
102_len2_gb_3,1.8
102_len2_gn_1,2.5454545454545454
102_len2_gn_3,2.0
104_len1_bd_2,2.1666666666666665
106_len6_gb_3,1.7
106_len6_gn_2,1.8
106_len6_st_1,2.2
107_len1_st_3,2.0
107_len1_gb_1,2.2
107_len1_gn_2,2.0
108_len3_gb_1,2.333333333333333
109_len3_gb_2,2.0
109_len3_gn_1,2.4444444444444446
109_len3_st_1,3.0
109_len3_st_2,2.0
110_len5_st_3,1.818181818181818
110_len5_gn_2,2.8
110_len5_gn_3,2.1
111_len5_gb_2,1.7777777777777777
112_len2_gn_1,2.333333333333333
113_len3_gb_1,2.4545454545454546
114_len1_bd_1,2.0
114_len1_gb_1,2.0
115_len6_st_3,1.9166666666666667
115_len6_bd_1,1.818181818181818
115_len6_gb_2,2.0
117_len3_st_3,2.2
118_len3_bd_1,2.0
118_len3_gb_3,1.6
118_len3_gn_3,2.2
119_len3_gb_2,2.1
119_len3_st_2,2.0
120_len1_st_3,1.8
120_len1_bd_1,2.2
120_len1_gn_3,1.9
121_len1_bd_1,2.1818181818181817
121_len1_bd_2,1.8
121_len1_gb_3,1.8
121_len1_gn_2,2.0
122_len1_gb_3,1.4
123_len4_gb_2,1.9
123_len4_gn_1,2.4
123_len4_gn_2,2.0
124_len3_st_3,2.1
127_len1_gb_1,2.0
129_len2_bd_3,1.5
129_len2_gb_2,2.090909090909091
129_len2_gn_1,2.333333333333333
129_len2_gn_2,2.2222222222222223
129_len2_st_1,2.1818181818181817
130_len2_st_3,1.3333333333333333
130_len2_bd_1,1.7
130_len2_gb_2,1.6
131_len6_bd_2,1.6
131_len6_bd_3,1.4444444444444444
131_len6_gb_2,1.5454545454545454
132_len6_st_3,1.818181818181818
132_len6_bd_1,2.2
132_len6_gb_3,1.5454545454545454
132_len6_gn_3,1.9
133_len1_bd_1,2.0
134_len4_bd_1,2.1
134_len4_gb_3,2.0
134_len4_st_2,1.8888888888888888
135_len5_st_1,2.4
136_len4_gb_2,1.9
136_len4_gb_3,1.8
136_len4_gn_3,2.0
136_len4_st_2,2.2
137_len4_st_3,1.6
137_len4_gn_3,2.1
138_len4_gn_1,2.0
139_len6_bd_1,1.5
139_len6_gb_2,1.7
139_len6_st_2,1.7777777777777777
140_len4_gb_1,2.1666666666666665
140_len4_gb_3,1.4444444444444444
141_len5_bd_2,1.4
141_len5_gb_2,1.5555555555555556
141_len5_st_2,2.111111111111111
142_len6_bd_2,2.0
142_len6_gb_2,1.8888888888888888
142_len6_gb_3,1.7777777777777777
144_len2_bd_1,2.1666666666666665
144_len2_bd_3,1.6
144_len2_gb_1,2.7
145_len6_gb_2,1.7
145_len6_gn_1,2.363636363636364
147_len5_gn_3,2.0
148_len6_bd_2,2.2
148_len6_bd_3,1.8
148_len6_gb_1,2.2222222222222223
148_len6_gb_3,2.0
149_len3_st_3,1.8
149_len3_bd_1,2.2
149_len3_bd_2,1.7777777777777777
149_len3_bd_3,1.7272727272727273
149_len3_gb_3,1.0
149_len3_gn_2,2.0
150_len2_st_3,1.6
150_len2_bd_3,2.0
151_len3_bd_3,1.2
151_len3_gn_2,1.9
151_len3_st_2,1.8
154_len3_gn_3,2.2
155_len2_bd_2,2.0
155_len2_bd_3,1.3333333333333333
155_len2_gb_3,1.8
155_len2_st_1,2.8
156_len1_gb_2,2.0
156_len1_gn_2,2.2
156_len1_st_2,2.1
157_len3_gb_2,2.2
157_len3_gn_3,2.0
158_len2_bd_3,1.6666666666666667
158_len2_gb_3,1.8
158_len2_gn_1,2.6
159_len4_bd_3,1.3333333333333333
159_len4_st_1,2.2
160_len1_gb_2,2.2
161_len4_bd_2,2.111111111111111
162_len1_st_3,2.0
162_len1_gb_1,2.2
162_len1_gn_2,2.3
163_len5_st_3,1.7777777777777777
163_len5_gb_1,2.2
163_len5_gn_1,3.0
163_len5_st_1,2.2
164_len6_st_3,2.0
164_len6_bd_2,1.3636363636363635
164_len6_gb_2,1.4
167_len4_st_2,1.8
169_len6_st_3,1.5555555555555556
169_len6_gn_1,2.0
170_len2_bd_1,2.4
170_len2_gb_1,2.0
173_len4_gn_1,2.0
174_len6_st_3,1.8
174_len6_bd_1,1.8
174_len6_bd_2,1.8888888888888888
175_len5_st_3,1.6666666666666667
175_len5_gb_3,1.8
176_len5_bd_1,2.3
176_len5_bd_3,1.8888888888888888
176_len5_gb_2,2.090909090909091
176_len5_gb_3,1.7777777777777777
176_len5_st_2,1.818181818181818
179_len1_gn_2,1.6
179_len1_gn_3,2.111111111111111
180_len3_bd_1,2.0
180_len3_st_2,1.5454545454545454
181_len2_bd_1,2.1666666666666665
181_len2_gb_2,2.0
181_len2_gn_1,2.5
182_len1_gb_2,2.1666666666666665
182_len1_gn_2,2.0
183_len2_st_3,2.0
183_len2_gb_1,2.2
183_len2_gb_2,1.9
183_len2_gb_3,1.9
183_len2_st_2,1.9
184_len6_gb_3,1.8
185_len6_bd_3,1.4
187_len5_bd_2,1.7
187_len5_gb_2,2.0
187_len5_gn_3,2.333333333333333
189_len4_st_3,1.5555555555555556
190_len2_bd_1,2.5
190_len2_st_1,2.083333333333333
192_len1_st_3,2.2
192_len1_gb_1,2.2
194_len4_gb_1,2.333333333333333
194_len4_gn_2,1.7777777777777777
194_len4_gn_3,1.9090909090909087
195_len4_bd_1,2.363636363636364
195_len4_st_1,2.3
198_len2_bd_2,1.818181818181818
198_len2_gb_1,2.4
199_len2_st_3,1.7
199_len2_st_2,1.8
201_len2_bd_3,1.4444444444444444
201_len2_gb_3,1.8
201_len2_gn_2,2.3
201_len2_st_2,2.2
202_len2_st_3,1.8888888888888888
202_len2_bd_1,2.2
202_len2_bd_3,1.4
202_len2_gb_1,2.0
202_len2_gb_2,2.1
202_len2_gn_2,2.111111111111111
202_len2_gn_3,1.6666666666666667
203_len6_bd_2,1.7
203_len6_bd_3,1.2727272727272727
204_len4_bd_1,1.8888888888888888
204_len4_gb_2,2.1818181818181817
204_len4_gn_1,3.0
204_len4_gn_3,1.8
205_len3_gn_1,2.2
205_len3_gn_3,1.6666666666666667
205_len3_st_2,1.6
206_len2_bd_3,1.4
206_len2_gn_1,1.9
207_len1_bd_3,1.3333333333333333
207_len1_gn_3,1.4
208_len4_gn_2,2.0
210_len1_gb_1,2.0
210_len1_gb_3,1.8888888888888888
210_len1_gn_3,1.9
210_len1_st_1,1.9
211_len6_bd_1,2.0
211_len6_bd_2,2.2
211_len6_gn_2,2.0
212_len5_st_3,1.818181818181818
212_len5_bd_3,1.8
212_len5_st_1,2.0
213_len4_gn_2,2.1
214_len3_st_3,1.9
214_len3_bd_2,1.8
214_len3_gn_3,1.7777777777777777
215_len4_bd_3,1.8
215_len4_gn_2,2.0
215_len4_gn_3,2.0
215_len4_st_1,2.333333333333333
216_len2_gb_1,2.090909090909091
216_len2_gn_2,2.3
217_len2_bd_3,1.7
217_len2_gn_3,2.1818181818181817
217_len2_st_1,2.3
219_len3_gn_3,1.4
220_len3_gb_1,2.2
221_len6_bd_2,2.2
221_len6_gn_1,2.9
221_len6_st_2,2.5
222_len1_st_2,1.9
222_len1_gb_1,2.4
223_len3_bd_1,2.2
223_len3_gb_1,2.0
224_len3_gn_1,2.5
225_len3_bd_2,1.6666666666666667
225_len3_gb_3,1.4
225_len3_gn_1,2.2
226_len5_gb_1,2.2
226_len5_gb_3,1.8888888888888888
226_len5_gn_3,1.9090909090909087
226_len5_st_1,1.7
228_len5_bd_1,2.2
228_len5_gb_1,2.2
228_len5_gn_1,2.8
230_len3_bd_1,2.2
230_len3_gn_1,2.555555555555556
230_len3_gn_3,1.9
232_len2_gb_2,1.4
232_len2_gn_1,2.2
233_len4_st_1,2.2
235_len6_gb_1,2.3076923076923075
235_len6_st_2,1.9
237_len3_st_1,2.0
239_len4_bd_2,1.3333333333333333
239_len4_gb_3,1.6
240_len5_bd_1,2.1
240_len5_bd_2,1.8
240_len5_bd_3,1.7
240_len5_gb_1,2.555555555555556
240_len5_gn_1,2.2
240_len5_gn_2,2.2
240_len5_st_2,2.363636363636364
241_len4_gb_3,2.2
241_len4_gn_3,1.5555555555555556
241_len4_st_2,1.6666666666666667
242_len1_bd_1,1.4
242_len1_bd_2,1.1
242_len1_gb_3,1.7777777777777777
242_len1_gn_1,2.1666666666666665
243_len1_gb_3,1.4
244_len4_gb_1,2.2222222222222223
244_len4_gb_3,1.5555555555555556
245_len2_gb_2,1.8
245_len2_gn_1,2.4
245_len2_st_1,2.2222222222222223
246_len4_gb_1,2.3
247_len1_bd_3,1.6
248_len2_bd_1,1.8888888888888888
248_len2_gb_1,1.8888888888888888
248_len2_st_1,2.5
248_len2_st_2,1.9
249_len2_gb_2,2.0
249_len2_gn_3,2.0
249_len2_st_1,2.0
250_len2_bd_2,1.8
250_len2_bd_3,1.5454545454545454
250_len2_gb_2,2.0
250_len2_gn_2,2.142857142857143
250_len2_st_2,1.9
253_len2_bd_3,1.2222222222222223
253_len2_gb_1,2.2
254_len1_gb_3,1.4444444444444444
254_len1_gn_3,1.8
254_len1_st_1,2.2
255_len5_bd_2,2.111111111111111
255_len5_gb_1,2.2
255_len5_gb_2,1.7777777777777777
255_len5_gb_3,1.0
255_len5_gn_1,2.272727272727273
255_len5_gn_2,2.2
257_len3_gn_3,1.7
258_len2_st_2,1.9
20_len3_bd_1,2.090909090909091
20_len3_bd_2,1.4
23_len4_gn_1,2.8
23_len4_gn_2,2.1666666666666665
43_len6_bd_3,1.5
43_len6_gn_3,1.9
52_len1_bd_1,2.2222222222222223
52_len1_gn_1,2.5
52_len1_st_1,2.0
227_len2_st_2,2.3
227_len2_st_3,2.2
227_len2_bd_1,2.333333333333333
227_len2_bd_3,1.7
227_len2_gn_2,2.4444444444444446
