ref1,2.1
ref3,2.1
ref14,2.8
ref16,2.0
ref24,2.0
ref32,2.0
ref34,2.333333333333333
ref45,2.2
ref50,2.111111111111111
ref63,2.3
ref72,3.0
ref79,2.1
ref85,2.2
ref93,2.0
ref95,3.0
ref102,2.8
ref113,2.2222222222222223
ref116,2.2
ref121,2.8
ref124,1.1
ref134,1.9090909090909087
ref135,1.4
ref142,2.142857142857143
ref148,2.0
ref149,2.6
ref163,2.833333333333333
ref170,2.5
ref178,2.8
ref179,2.2
ref182,2.555555555555556
ref186,2.4545454545454546
ref192,2.111111111111111
ref193,2.8
ref197,2.0
ref200,2.333333333333333
ref205,1.5454545454545454
ref207,2.8
ref233,3.0
ref241,2.6
ref250,2.2
ref252,2.333333333333333
ref258,2.333333333333333
ref260,2.8
ref261,1.4
ref266,2.0
ref288,2.0
ref292,2.3
ref297,3.0
ref298,1.3636363636363635
ref300,2.2
ref303,2.5
ref308,1.4444444444444444
ref309,1.6
ref312,2.3
ref315,2.8
ref326,2.2
ref330,2.555555555555556
ref336,2.0
ref337,2.0
ref347,1.9
ref350,2.6
ref356,2.1
ref357,2.2
ref362,2.5
ref363,2.0
ref366,2.1
ref375,3.0
ref379,2.7
ref387,1.9
ref389,2.0
ref400,2.6
ref407,2.2
ref413,2.7
ref424,2.8
ref442,2.6
ref447,3.0
ref448,2.555555555555556
ref458,2.0
ref467,2.8
ref468,2.5
ref481,2.0
ref487,2.5454545454545454
ref489,1.5454545454545454
ref492,2.1
ref493,2.5
ref496,2.5
ref497,2.0
ref499,2.3
ref502,2.6
ref503,2.2
ref505,2.8
ref510,1.7
ref511,2.8
ref513,1.3
ref514,2.2
ref519,2.4444444444444446
ref525,2.333333333333333
ref532,2.6
ref533,2.6
ref539,2.0
ref540,2.0
ref542,2.4444444444444446
ref547,2.2
ref550,2.4444444444444446
ref551,2.4
ref553,2.1
ref563,2.0
ref567,2.4545454545454546
ref573,2.2
ref575,2.8
ref576,1.4545454545454546
ref582,2.8
ref586,2.7
ref591,1.9
ref592,2.8
ref607,2.4
ref611,2.5
ref615,2.6666666666666665
ref618,2.9
ref620,2.4545454545454546
ref623,2.2
ref631,2.8
ref633,2.7
ref634,2.555555555555556
ref638,2.5
ref641,2.1
ref647,2.0
ref648,2.4
ref657,2.7
ref679,2.2
ref686,2.2
ref693,2.2
ref699,1.4444444444444444
ref705,2.0
ref706,1.5
ref715,2.2
ref722,1.9
ref730,1.7777777777777777
ref737,2.2
ref742,2.0
ref746,1.6666666666666667
ref755,1.8
ref767,2.111111111111111
ref772,1.8
ref778,2.0
ref786,1.6
ref791,2.0
ref792,3.0
ref794,2.0
ref796,2.6666666666666665
ref805,2.0
ref815,1.2
ref816,1.7
ref820,1.8888888888888888
ref823,2.0
ref824,1.1
ref826,1.9090909090909087
ref827,2.5
ref830,1.8
ref839,2.4444444444444446
ref850,2.333333333333333
ref853,1.8333333333333333
ref860,2.3
ref869,2.2
ref875,2.555555555555556
ref876,2.0
ref879,1.6
ref880,2.2
ref881,2.857142857142857
ref882,1.818181818181818
ref890,2.2
ref897,1.5
ref898,1.6666666666666667
ref899,2.2
ref901,2.2222222222222223
ref905,2.1
ref908,2.5
ref929,1.7777777777777777
ref930,3.0
ref936,2.8
ref939,1.7777777777777777
ref941,2.363636363636364
ref945,2.4
ref946,2.8
ref949,1.9
ref950,1.8
ref951,2.1818181818181817
ref952,2.2
ref953,2.5
ref956,2.8
ref958,1.6
ref960,2.1818181818181817
ref966,2.1
ref973,2.833333333333333
ref979,1.8
ref980,2.555555555555556
ref983,2.363636363636364
ref995,1.4
ref999,1.8
ref1001,1.5
ref1005,1.7
ref1012,2.0
ref1013,1.0
ref1017,2.2
ref1018,2.3
ref1020,3.0
ref1028,3.0
ref1033,2.0
ref1034,2.2222222222222223
ref1035,1.7777777777777777
ref1045,2.2
ref1050,1.7
ref1052,1.1111111111111112
ref1053,2.0
ref1065,2.4
ref1072,1.4444444444444444
ref1075,2.333333333333333
ref1076,2.2
ref1077,2.1
ref1078,1.3
ref1081,2.111111111111111
ref1086,2.0
ref1089,2.4
ref1090,2.8
ref1095,1.9
ref1103,2.4444444444444446
ref1107,1.6
ref1108,1.7
ref1115,1.0
ref1119,1.5555555555555556
ref1120,1.3333333333333333
ref1134,1.0
ref1136,3.0
ref1137,1.9
ref1140,2.0
ref1144,2.333333333333333
ref1168,2.2
ref1173,2.1
ref1178,2.2
ref1179,2.5
ref1180,1.5454545454545454
ref1181,1.6
ref1182,1.4
ref1186,1.0
ref1200,1.6
ref1204,1.3333333333333333
ref1205,2.2
ref1210,1.6
ref1211,2.8
ref1220,2.833333333333333
ref1221,2.0
ref1222,1.8
ref1227,1.6
ref1229,2.333333333333333
ref1236,1.4444444444444444
ref1241,2.2222222222222223
ref1245,1.5555555555555556
ref1247,1.7272727272727273
ref1248,2.5
ref1254,2.555555555555556
ref1260,2.5
ref1263,2.8
ref1268,2.3
ref1269,1.6
ref1275,2.2
ref1277,2.555555555555556
ref1278,2.5
ref1285,1.5
ref1286,2.6
ref1293,1.8
ref1304,1.8
ref1327,2.0
ref1338,1.5
ref1341,3.0
ref1343,2.8
ref1346,1.6666666666666667
ref1353,1.6666666666666667
ref1354,2.4
ref1358,2.4
ref1362,2.3
ref1363,2.7777777777777777
ref1376,2.0
ref1389,2.8
ref1390,2.2
ref1398,2.4545454545454546
ref1399,1.8
ref1403,1.5
ref1404,2.8
ref1420,2.1
ref1426,2.0
ref1427,1.818181818181818
ref1436,1.5
ref1437,2.0
ref1438,2.8
ref1439,1.8888888888888888
ref1440,1.9
ref1442,1.8
ref1454,2.8
ref1455,2.2
ref1466,1.6666666666666667
ref1472,2.8
ref1485,2.857142857142857
ref1490,2.2
ref1491,2.6666666666666665
ref1493,2.272727272727273
ref1496,1.5555555555555556
ref1508,2.1818181818181817
ref1517,2.555555555555556
ref1524,2.8
ref1528,2.4
ref1529,2.8
ref1530,2.833333333333333
ref1531,2.2
ref1539,2.8
ref1546,3.0
ref1549,2.4
ref1555,1.2222222222222223
ref1567,2.5
ref1574,1.5
ref1592,1.2222222222222223
ref1600,1.8
ref1604,3.0
ref1607,2.1
ref1610,2.2
ref1618,2.2
ref1626,2.2222222222222223
ref1627,2.363636363636364
ref1634,2.555555555555556
ref1643,2.2
ref1644,2.5
ref1649,2.3
ref1651,1.8
ref1652,2.0
ref1656,2.333333333333333
ref1667,1.6666666666666667
ref1668,1.7777777777777777
ref1670,2.555555555555556
ref1677,2.2
ref1678,2.333333333333333
ref1689,2.2
ref1698,1.4444444444444444
ref1701,1.9
ref1713,1.4444444444444444
ref1728,2.090909090909091
ref1740,1.6
ref1760,1.7
ref1765,1.9
ref1766,1.6
ref1776,2.0
ref1787,2.2
ref1789,1.8888888888888888
ref1796,2.333333333333333
ref1798,2.3
ref1801,1.3
ref1809,2.0
ref1816,2.7777777777777777
ref1821,2.4545454545454546
ref1823,2.9
ref1827,2.0
ref1839,2.1
ref1842,1.6666666666666667
ref1847,2.3
ref1850,2.8
ref1858,1.6
ref1870,2.2222222222222223
ref1871,1.7
ref1872,1.5555555555555556
ref1874,2.6
ref1876,2.1666666666666665
ref1879,2.2
ref1886,2.6
ref1896,2.3
ref1898,2.4
ref1902,1.8
ref1905,1.8
ref1921,2.4
ref1926,2.833333333333333
ref1947,2.1666666666666665
ref1950,2.1
ref1952,2.8
ref1962,3.0
ref1965,2.363636363636364
ref1969,3.0
ref1998,2.0
ref2000,2.2
ref2002,2.8
ref2007,2.0
ref2012,2.333333333333333
ref2014,2.2
ref2021,2.2
ref2022,2.083333333333333
ref2024,3.0
ref2027,2.1
ref2029,2.0
ref2033,1.1
ref2041,2.5
ref2043,2.7777777777777777
ref2046,2.4444444444444446
ref2047,2.0
ref2048,2.3
ref2051,2.2
ref2054,1.6
ref2063,3.0
ref2072,2.363636363636364
ref2073,2.0
ref2079,2.2222222222222223
ref2082,2.0
ref2084,1.7777777777777777
ref2089,1.9
ref2092,1.8
ref2097,2.2
ref2103,2.6
ref2106,2.555555555555556
ref2107,1.8888888888888888
ref2113,1.5
ref2119,2.0
ref2121,2.111111111111111
ref2122,1.4
ref2123,2.363636363636364
ref2128,1.8888888888888888
ref2131,2.6666666666666665
ref2132,2.5454545454545454
ref2134,2.2
ref2142,2.2
ref2144,1.7
ref2160,2.2222222222222223
ref2162,2.0
ref2165,2.1
ref2171,1.5
ref2177,1.7272727272727273
ref2178,2.8
ref2190,1.8
ref2197,1.5454545454545454
ref2206,1.7
ref2208,2.2222222222222223
ref2216,2.7
ref2224,2.0
ref2226,2.8
ref2229,2.2
ref2237,1.8
ref2243,2.2
ref2246,2.0
ref2248,1.7777777777777777
ref2250,2.3
ref2253,2.6
ref2257,1.8
ref2258,1.9
ref2259,2.2
ref2262,2.0
ref2265,2.7
ref2266,1.9
ref2269,2.8
ref2271,2.0
ref2283,1.6
ref2286,2.333333333333333
ref2291,2.2
ref2293,2.2
ref2303,2.7
ref2305,2.555555555555556
ref2310,2.333333333333333
ref2311,2.2
ref2316,2.2
ref2325,2.4444444444444446
ref2337,2.7
ref2343,2.2
ref2371,2.4444444444444446
ref2382,1.5555555555555556
ref2385,2.111111111111111
ref2386,2.333333333333333
ref2392,2.090909090909091
ref2394,2.2
ref2400,1.4
ref2410,2.5
ref2413,2.0
ref2418,2.1
ref2438,1.5555555555555556
ref2439,2.6
ref2440,2.4
ref2445,2.3
ref2448,3.0
ref2449,2.5
ref2452,2.363636363636364
ref2459,2.5
ref2463,2.857142857142857
ref2467,2.4
ref2469,2.7
ref2477,2.0
ref2490,2.2
ref2499,1.8888888888888888
ref2500,2.2
ref4,3.0
ref7,2.4
ref8,2.8
ref10,2.5454545454545454
ref12,2.333333333333333
ref22,2.6666666666666665
ref23,1.6666666666666667
ref28,2.0
ref30,2.333333333333333
ref35,2.2
ref43,2.3
ref51,2.2
ref54,2.2
ref59,2.5
ref66,2.3
ref70,2.5
ref73,1.9
ref75,2.2222222222222223
ref88,2.5
ref89,2.4444444444444446
ref98,2.2
ref99,2.0
ref105,1.8
ref109,2.555555555555556
ref112,2.2
ref115,1.6666666666666667
ref119,2.2222222222222223
ref120,2.0
ref125,2.0
ref128,2.8
ref129,2.0
ref131,2.3
ref133,2.4
ref141,2.0
ref146,2.4444444444444446
ref151,2.1666666666666665
ref161,2.4
ref164,2.2
ref169,2.2222222222222223
ref171,2.2
ref172,2.8
ref175,2.6
ref177,2.1666666666666665
ref180,2.1666666666666665
ref184,2.555555555555556
ref187,2.0
ref188,2.4
ref194,2.7
ref204,2.3
ref211,2.272727272727273
ref215,2.4
ref216,2.5
ref222,2.4
ref232,2.4545454545454546
ref237,2.833333333333333
ref238,2.272727272727273
ref244,2.2
ref247,2.9
ref262,2.2
ref265,2.2
ref268,2.333333333333333
ref271,3.0
ref282,2.555555555555556
ref285,2.8
ref287,2.8
ref293,1.7777777777777777
ref314,2.8
ref323,2.333333333333333
ref324,1.7
ref328,1.8888888888888888
ref335,2.2
ref338,1.8
ref340,2.111111111111111
ref344,2.363636363636364
ref355,2.111111111111111
ref359,2.2222222222222223
ref365,1.818181818181818
ref368,2.272727272727273
ref372,1.4
ref376,2.555555555555556
ref380,2.3
ref381,2.272727272727273
ref383,2.4
ref405,2.4
ref410,2.111111111111111
ref422,2.2
ref427,2.5
ref431,2.0
ref444,2.1818181818181817
ref450,2.5
ref454,2.4545454545454546
ref459,1.8
ref464,2.1
ref465,2.3
ref471,2.4545454545454546
ref473,2.6
ref480,1.9090909090909087
ref483,1.7777777777777777
ref498,2.6666666666666665
ref501,2.333333333333333
ref504,1.8888888888888888
ref506,2.0
ref512,1.8
ref518,2.111111111111111
ref521,2.2
ref527,2.363636363636364
ref544,2.3
ref545,2.333333333333333
ref552,3.0
ref557,2.1
ref568,2.333333333333333
ref578,2.3
ref590,2.0
ref598,2.7777777777777777
ref601,1.5555555555555556
ref603,1.6363636363636365
ref604,2.2222222222222223
ref605,1.6363636363636365
ref613,2.2
ref626,2.636363636363636
ref628,2.4444444444444446
ref629,2.5
ref642,2.0
ref649,2.4444444444444446
ref661,2.3
ref663,2.4545454545454546
ref680,2.0
ref681,2.2
ref682,2.2
ref688,1.8
ref695,1.7272727272727273
ref697,2.6666666666666665
ref698,1.4
ref708,1.5
ref713,1.8888888888888888
ref716,2.0
ref717,2.6666666666666665
ref719,1.7
ref724,1.8
ref725,1.6666666666666667
ref726,2.0
ref736,1.9090909090909087
ref745,2.8
ref748,2.6666666666666665
ref749,2.1
ref750,1.6363636363636365
ref752,1.5
ref756,2.0
ref764,2.1
ref769,1.5555555555555556
ref773,1.9
ref779,1.9
ref780,2.2
ref781,1.6363636363636365
ref782,1.9090909090909087
ref804,1.0
ref807,1.4
ref809,3.0
ref812,2.3
ref814,2.090909090909091
ref832,1.7
ref836,1.5454545454545454
ref841,1.9
ref842,2.1
ref848,2.4444444444444446
ref855,1.5555555555555556
ref859,2.6666666666666665
ref865,2.2
ref867,2.4444444444444446
ref868,1.5555555555555556
ref877,1.5
ref888,2.6
ref889,2.2
ref894,1.8
ref895,1.7777777777777777
ref903,2.2
ref904,1.6666666666666667
ref913,2.2
ref914,2.1666666666666665
ref915,2.2
ref917,2.2
ref918,1.5
ref921,2.1
ref924,1.7
ref925,1.7
ref927,1.3
ref928,1.8
ref931,1.2
ref933,1.8
ref942,2.2
ref943,2.1
ref965,2.0
ref971,1.0
ref974,2.4444444444444446
ref976,1.6
ref977,1.8888888888888888
ref982,2.8
ref988,1.6
ref991,2.363636363636364
ref992,1.4
ref996,2.8
ref997,2.8
ref998,2.2
ref1002,2.8
ref1004,3.0
ref1006,1.0
ref1014,1.5555555555555556
ref1016,2.0
ref1019,1.7777777777777777
ref1030,1.6363636363636365
ref1036,2.0
ref1037,2.111111111111111
ref1038,2.7
ref1042,2.0
ref1051,2.2
ref1060,2.272727272727273
ref1061,1.4
ref1062,1.8
ref1083,2.6
ref1085,2.6
ref1091,2.1
ref1094,1.5
ref1099,2.4444444444444446
ref1111,2.6666666666666665
ref1121,2.6
ref1122,2.4444444444444446
ref1123,1.4
ref1135,2.0
ref1141,2.2
ref1147,1.2222222222222223
ref1148,1.9
ref1153,2.333333333333333
ref1157,2.0
ref1159,1.3333333333333333
ref1171,1.6
ref1176,1.7
ref1177,1.6666666666666667
ref1183,2.2
ref1184,2.111111111111111
ref1188,2.2
ref1190,2.2
ref1195,2.0
ref1199,1.8888888888888888
ref1201,2.4444444444444446
ref1202,2.090909090909091
ref1207,1.8
ref1213,2.8
ref1225,2.0
ref1226,2.555555555555556
ref1228,2.5
ref1239,2.8
ref1242,2.5
ref1264,2.1
ref1265,2.8
ref1271,2.2
ref1273,2.3
ref1276,1.5454545454545454
ref1280,2.2
ref1282,2.2
ref1284,2.2222222222222223
ref1294,2.8
ref1295,1.8
ref1297,2.6666666666666665
ref1299,2.555555555555556
ref1301,2.8
ref1306,1.4444444444444444
ref1307,1.5
ref1313,3.0
ref1317,2.0
ref1325,2.8
ref1328,2.2
ref1337,2.2222222222222223
ref1340,2.4
ref1345,2.2
ref1347,2.3
ref1349,1.1111111111111112
ref1366,1.3636363636363635
ref1378,1.6
ref1379,2.636363636363636
ref1385,2.363636363636364
ref1386,2.333333333333333
ref1391,2.6666666666666665
ref1392,1.6
ref1393,2.8
ref1402,2.8
ref1408,2.111111111111111
ref1416,2.8
ref1419,2.2
ref1423,1.818181818181818
ref1428,1.6666666666666667
ref1432,1.9
ref1441,2.8
ref1447,1.6363636363636365
ref1458,2.2
ref1459,3.0
ref1460,2.3
ref1461,1.7777777777777777
ref1468,2.2
ref1469,1.5555555555555556
ref1474,2.333333333333333
ref1480,2.5
ref1481,1.3333333333333333
ref1484,2.4
ref1488,1.9
ref1489,1.4
ref1498,2.5
ref1505,2.363636363636364
ref1512,2.8
ref1513,1.9
ref1514,2.6666666666666665
ref1515,2.4444444444444446
ref1518,2.2
ref1526,2.555555555555556
ref1533,1.6363636363636365
ref1535,2.1
ref1542,2.4
ref1543,2.8
ref1559,2.2222222222222223
ref1566,1.8
ref1575,2.8
ref1580,2.5
ref1582,3.0
ref1584,1.5
ref1585,2.3
ref1598,1.6
ref1602,2.2
ref1605,2.2
ref1614,1.6
ref1619,1.7777777777777777
ref1629,2.2
ref1632,1.6666666666666667
ref1635,1.7777777777777777
ref1637,1.7
ref1646,1.8
ref1664,2.4
ref1681,1.8
ref1696,1.9
ref1700,2.7
ref1705,2.2
ref1715,2.1
ref1717,2.111111111111111
ref1719,2.4444444444444446
ref1730,2.6666666666666665
ref1744,1.9166666666666667
ref1745,1.8
ref1748,2.5
ref1757,2.1
ref1759,1.7777777777777777
ref1762,1.8
ref1764,1.5
ref1779,1.7777777777777777
ref1782,1.5555555555555556
ref1783,1.9090909090909087
ref1799,2.2
ref1800,2.0
ref1811,2.5454545454545454
ref1817,2.7777777777777777
ref1824,2.8
ref1851,2.6
ref1854,2.8
ref1860,2.1
ref1862,2.0
ref1877,2.0
ref1883,2.3
ref1885,1.3333333333333333
ref1888,2.8
ref1889,3.0
ref1899,2.333333333333333
ref1903,2.2
ref1910,1.7777777777777777
ref1911,2.8
ref1915,2.2
ref1916,2.8
ref1917,2.2
ref1919,2.3
ref1922,2.4444444444444446
ref1923,1.4444444444444444
ref1931,1.8
ref1932,2.8
ref1936,1.4
ref1939,2.833333333333333
ref1942,2.4
ref1944,2.4444444444444446
ref1949,1.7
ref1954,2.5454545454545454
ref1963,2.5
ref1964,1.4444444444444444
ref1966,2.7
ref1967,2.8
ref1973,1.6363636363636365
ref1978,2.5
ref1983,2.555555555555556
ref1990,1.7272727272727273
ref1997,2.833333333333333
ref2004,2.8
ref2008,2.4
ref2016,2.555555555555556
ref2018,2.0
ref2025,2.8
ref2034,2.8
ref2039,2.1
ref2040,2.3
ref2049,2.555555555555556
ref2058,1.9
ref2059,1.5
ref2061,2.4444444444444446
ref2064,2.5
ref2066,2.333333333333333
ref2074,2.4444444444444446
ref2076,2.3
ref2085,2.4545454545454546
ref2093,1.8
ref2094,2.8
ref2095,2.8
ref2096,1.9090909090909087
ref2101,2.0
ref2102,2.2
ref2110,2.6666666666666665
ref2117,2.0
ref2129,3.0
ref2135,2.6666666666666665
ref2136,2.0
ref2155,2.2
ref2156,1.7272727272727273
ref2157,2.1
ref2164,2.8
ref2167,1.4545454545454546
ref2172,2.2222222222222223
ref2174,1.8
ref2175,2.0
ref2183,2.2
ref2185,2.0
ref2187,2.7777777777777777
ref2194,1.9
ref2210,2.1666666666666665
ref2215,3.0
ref2221,2.8
ref2241,2.3
ref2245,2.555555555555556
ref2249,2.2222222222222223
ref2267,2.333333333333333
ref2276,2.0
ref2279,2.8
ref2280,3.0
ref2288,2.2
ref2289,2.3
ref2295,2.1
ref2319,2.3
ref2321,2.8
ref2322,2.6
ref2326,2.3
ref2327,2.2
ref2328,2.8
ref2331,2.7777777777777777
ref2335,2.3
ref2340,1.5
ref2347,2.8
ref2356,2.1
ref2364,2.8
ref2365,2.5
ref2373,2.5
ref2374,2.363636363636364
ref2375,2.8
ref2376,3.0
ref2381,2.2
ref2387,2.4444444444444446
ref2389,1.6363636363636365
ref2397,2.2
ref2399,1.9
ref2403,2.2857142857142856
ref2405,2.8
ref2408,2.555555555555556
ref2416,2.3
ref2420,2.3
ref2425,1.7
ref2426,1.7
ref2429,2.8
ref2433,1.9
ref2435,2.4
ref2444,2.1
ref2453,2.8
ref2471,2.5
ref2479,2.3
ref2482,2.7
ref2494,2.3
ref2496,1.5
ref13,2.0
ref17,2.4
ref26,2.0
ref27,2.0
ref29,2.2
ref33,3.0
ref36,2.2
ref38,2.3
ref48,2.2
ref57,1.8
ref81,2.4
ref83,2.5
ref90,2.5
ref94,2.4
ref96,2.8
ref97,2.0
ref100,3.0
ref103,2.2
ref104,2.4444444444444446
ref110,2.2
ref111,1.9
ref136,2.2
ref138,2.090909090909091
ref140,2.8181818181818183
ref145,3.0
ref147,2.0
ref150,2.4444444444444446
ref155,2.5454545454545454
ref156,2.6
ref158,2.2
ref159,1.5
ref160,1.7
ref165,2.3
ref168,2.2
ref176,3.0
ref181,2.3
ref195,2.3
ref198,2.2
ref202,2.0
ref203,1.8
ref206,2.555555555555556
ref209,2.8
ref212,2.2
ref219,1.5
ref221,2.333333333333333
ref223,3.0
ref226,2.2
ref227,2.6
ref229,2.2
ref236,1.7
ref240,2.4
ref246,1.5
ref248,2.1818181818181817
ref254,2.555555555555556
ref257,1.4
ref259,3.0
ref263,3.0
ref269,3.0
ref270,1.7
ref272,2.111111111111111
ref273,2.3
ref277,2.3
ref280,2.363636363636364
ref281,2.333333333333333
ref283,2.2222222222222223
ref286,2.2
ref289,1.4545454545454546
ref291,2.1666666666666665
ref296,2.2
ref299,2.1
ref301,1.8888888888888888
ref305,3.0
ref307,1.2222222222222223
ref310,2.3
ref313,2.3
ref318,1.6
ref319,1.9
ref322,2.8
ref329,2.0
ref333,2.4
ref334,2.4444444444444446
ref345,2.3
ref348,1.5
ref352,2.8
ref353,2.2
ref360,2.1818181818181817
ref364,1.5
ref367,2.2
ref370,1.6666666666666667
ref371,1.5
ref382,1.7777777777777777
ref386,2.4
ref390,2.8
ref393,2.8
ref395,2.7
ref396,2.4444444444444446
ref409,1.5
ref411,2.5454545454545454
ref417,2.0
ref419,1.5
ref421,2.5
ref423,2.2
ref425,2.0
ref435,2.5
ref437,2.2
ref441,2.8
ref446,1.9090909090909087
ref449,2.2
ref452,2.2
ref457,2.6
ref460,2.8
ref462,2.2
ref469,2.7
ref472,2.6
ref477,2.2
ref479,2.8
ref491,1.8
ref495,2.3
ref516,2.0
ref526,2.4444444444444446
ref530,2.2
ref534,2.1
ref535,1.5
ref537,2.1666666666666665
ref543,1.6666666666666667
ref548,2.2
ref555,2.0
ref556,1.8
ref565,2.4
ref571,2.0
ref581,1.8888888888888888
ref583,2.2222222222222223
ref584,1.6363636363636365
ref588,2.8
ref593,1.9
ref597,2.5
ref599,2.4
ref606,2.555555555555556
ref608,2.6
ref616,2.5
ref621,2.6
ref632,2.555555555555556
ref650,2.6666666666666665
ref652,2.090909090909091
ref655,2.4
ref662,1.7777777777777777
ref666,2.4444444444444446
ref670,2.111111111111111
ref671,2.2
ref672,1.8
ref674,1.7272727272727273
ref675,2.333333333333333
ref677,2.2
ref684,2.2222222222222223
ref685,1.6666666666666667
ref689,1.9
ref690,2.0
ref691,1.5
ref692,1.9
ref700,1.7
ref701,1.8
ref703,1.7272727272727273
ref709,1.8
ref711,1.7
ref720,2.8
ref721,1.5454545454545454
ref723,2.1
ref727,1.1111111111111112
ref728,1.4444444444444444
ref729,1.3
ref732,2.0
ref735,1.3
ref740,1.7777777777777777
ref744,1.5555555555555556
ref757,1.6666666666666667
ref761,1.9
ref762,1.6
ref768,2.1
ref776,2.090909090909091
ref777,1.9
ref783,2.111111111111111
ref788,1.3333333333333333
ref790,2.0
ref793,1.8888888888888888
ref802,2.8
ref803,1.8
ref806,2.2
ref808,3.0
ref811,1.6666666666666667
ref817,1.7
ref818,1.6666666666666667
ref825,1.3
ref835,2.0
ref837,1.5555555555555556
ref840,1.7272727272727273
ref844,1.181818181818182
ref846,1.3
ref847,3.0
ref857,1.4
ref862,3.0
ref874,2.090909090909091
ref887,2.8
ref891,2.4
ref893,2.0
ref900,1.5
ref906,1.8
ref911,2.5
ref912,1.6
ref920,2.1
ref926,1.5
ref932,1.3
ref937,2.0
ref940,2.5
ref955,2.3
ref962,2.9
ref970,1.2
ref981,1.8888888888888888
ref984,2.2
ref986,1.5
ref989,3.0
ref1008,1.6
ref1011,2.6
ref1023,2.833333333333333
ref1024,2.0
ref1026,1.6666666666666667
ref1039,1.3333333333333333
ref1040,1.8
ref1041,2.1
ref1043,2.8
ref1046,2.1
ref1047,1.8888888888888888
ref1058,2.2
ref1067,1.8
ref1070,1.7
ref1071,1.6666666666666667
ref1073,2.0
ref1082,2.2
ref1084,1.4
ref1088,2.8
ref1092,2.4
ref1096,2.4
ref1098,2.4
ref1102,2.0
ref1106,1.8888888888888888
ref1109,1.9
ref1113,1.7
ref1125,2.4444444444444446
ref1127,3.0
ref1132,1.818181818181818
ref1139,1.9
ref1142,1.6363636363636365
ref1145,1.8888888888888888
ref1149,2.090909090909091
ref1150,1.7
ref1151,2.1
ref1156,2.8
ref1161,1.9
ref1163,1.4
ref1166,2.333333333333333
ref1167,2.5
ref1169,2.4166666666666665
ref1170,2.8
ref1185,2.0
ref1191,1.8
ref1192,2.625
ref1193,1.4
ref1194,1.6
ref1197,1.9
ref1212,1.6
ref1214,1.6
ref1218,2.8
ref1219,2.0
ref1223,2.3
ref1230,2.2
ref1232,2.1
ref1234,2.4
ref1235,3.0
ref1240,2.0
ref1243,2.333333333333333
ref1244,2.0
ref1246,3.0
ref1253,1.9
ref1255,1.3636363636363635
ref1256,2.7777777777777777
ref1257,2.0
ref1262,1.9
ref1287,2.1
ref1288,1.5
ref1296,1.6666666666666667
ref1302,2.5454545454545454
ref1303,1.1
ref1305,1.8
ref1310,2.7777777777777777
ref1312,2.2
ref1314,1.6
ref1316,1.4444444444444444
ref1319,2.5
ref1322,2.0
ref1330,2.2
ref1331,1.818181818181818
ref1333,2.8
ref1357,2.555555555555556
ref1365,2.4
ref1367,2.8
ref1384,1.3636363636363635
ref1395,2.3
ref1397,2.2222222222222223
ref1405,1.5
ref1406,2.0
ref1414,1.2222222222222223
ref1421,1.5
ref1424,2.4444444444444446
ref1425,2.272727272727273
ref1429,2.2
ref1431,1.7
ref1435,1.9
ref1443,2.2222222222222223
ref1445,2.2
ref1446,3.0
ref1448,2.1666666666666665
ref1449,2.0
ref1452,1.4
ref1457,1.5454545454545454
ref1475,2.4
ref1476,2.5454545454545454
ref1478,2.8
ref1479,2.2
ref1482,2.4444444444444446
ref1486,1.8888888888888888
ref1487,1.5
ref1500,1.4444444444444444
ref1503,1.3
ref1507,1.9090909090909087
ref1516,3.0
ref1522,2.8
ref1525,2.9
ref1527,2.333333333333333
ref1538,2.6
ref1541,2.8
ref1544,2.7
ref1545,2.833333333333333
ref1552,2.4
ref1556,2.0
ref1568,1.3
ref1573,3.0
ref1581,1.9090909090909087
ref1583,1.7
ref1588,2.2
ref1590,1.8
ref1603,2.1
ref1606,2.0
ref1608,1.8
ref1613,2.6666666666666665
ref1620,1.8
ref1624,2.333333333333333
ref1628,2.0
ref1636,2.5
ref1639,2.333333333333333
ref1645,2.3
ref1648,1.6666666666666667
ref1654,2.0
ref1657,2.1666666666666665
ref1660,3.0
ref1662,3.0
ref1669,2.636363636363636
ref1673,2.1666666666666665
ref1674,2.555555555555556
ref1683,1.9
ref1690,2.2
ref1702,2.6666666666666665
ref1709,1.9090909090909087
ref1716,1.5555555555555556
ref1718,2.2
ref1721,2.2
ref1733,2.833333333333333
ref1736,2.2222222222222223
ref1749,2.5
ref1751,1.6
ref1755,2.8
ref1758,2.1818181818181817
ref1769,2.0
ref1770,1.5
ref1774,2.2
ref1777,2.1
ref1778,2.8
ref1781,1.5
ref1786,2.090909090909091
ref1790,1.9090909090909087
ref1792,1.8
ref1802,1.7777777777777777
ref1803,1.6
ref1810,2.875
ref1813,2.6
ref1818,2.6153846153846154
ref1822,2.7777777777777777
ref1828,2.8
ref1832,2.8
ref1833,2.3
ref1836,1.0
ref1840,2.3
ref1841,2.1
ref1843,1.6666666666666667
ref1844,1.5
ref1845,2.4444444444444446
ref1859,1.6
ref1866,2.3
ref1878,1.4
ref1882,2.272727272727273
ref1887,1.6
ref1894,1.0
ref1897,2.5
ref1901,2.3
ref1904,2.0
ref1906,2.0
ref1907,2.0
ref1913,1.8
ref1914,2.2
ref1933,1.7272727272727273
ref1935,2.2
ref1955,2.4
ref1959,1.9090909090909087
ref1961,2.2
ref1972,2.0
ref1976,2.1
ref1989,1.4
ref1991,2.0
ref1992,1.9
ref1999,2.833333333333333
ref2001,1.5454545454545454
ref2006,1.4
ref2017,3.0
ref2036,3.0
ref2042,2.0
ref2045,2.6
ref2050,2.111111111111111
ref2053,2.8
ref2060,2.2
ref2065,2.7
ref2067,2.8
ref2070,2.7777777777777777
ref2075,2.2
ref2083,2.1
ref2087,2.2222222222222223
ref2100,2.2
ref2111,2.0
ref2114,1.9
ref2124,2.6
ref2126,2.0
ref2139,3.0
ref2148,2.3
ref2151,2.0
ref2153,2.0
ref2170,1.5
ref2173,2.555555555555556
ref2189,2.090909090909091
ref2191,2.4
ref2192,2.0
ref2199,2.8
ref2200,1.8888888888888888
ref2211,2.333333333333333
ref2213,1.6666666666666667
ref2214,3.0
ref2218,2.4545454545454546
ref2219,2.2
ref2220,2.6
ref2222,2.6
ref2225,2.8
ref2227,1.9
ref2231,2.7
ref2234,2.111111111111111
ref2236,2.2
ref2238,2.2222222222222223
ref2247,2.2
ref2255,2.3
ref2261,2.5
ref2263,2.8
ref2273,1.9090909090909087
ref2274,2.2
ref2275,2.0
ref2281,2.2
ref2284,2.2
ref2287,2.8
ref2296,2.6
ref2297,2.4
ref2298,2.4444444444444446
ref2300,3.0
ref2301,1.8888888888888888
ref2307,2.1
ref2313,2.4
ref2317,1.7272727272727273
ref2323,2.555555555555556
ref2330,2.1666666666666665
ref2336,2.3
ref2341,1.3
ref2344,1.5555555555555556
ref2348,2.555555555555556
ref2349,2.2
ref2350,2.2
ref2352,2.2
ref2355,2.8
ref2359,1.7
ref2360,2.2
ref2363,2.2
ref2366,2.8
ref2368,2.2
ref2370,2.5
ref2372,3.0
ref2383,2.3
ref2391,2.5454545454545454
ref2395,1.5
ref2398,2.0
ref2404,2.5
ref2406,2.8
ref2411,2.0
ref2417,2.4545454545454546
ref2419,2.8
ref2421,1.9
ref2422,2.1818181818181817
ref2424,2.0
ref2428,2.0
ref2434,2.5
ref2443,2.0
ref2447,2.2
ref2455,2.333333333333333
ref2465,3.0
ref2466,2.2
ref2474,2.0
ref2475,2.090909090909091
ref2480,2.2
ref2481,2.8
ref2489,1.6
ref2493,2.2
ref11,1.818181818181818
ref18,1.7777777777777777
ref19,1.5
ref21,2.2
ref39,2.111111111111111
ref41,1.2727272727272727
ref46,2.5
ref49,2.8
ref52,2.555555555555556
ref53,2.636363636363636
ref58,3.0
ref60,2.0
ref62,1.8888888888888888
ref71,1.3
ref74,2.6
ref77,2.1
ref78,2.2
ref80,2.3
ref82,3.0
ref84,2.8
ref86,1.8
ref87,2.8
ref91,2.2222222222222223
ref106,2.2222222222222223
ref107,2.0
ref114,2.8
ref123,2.5454545454545454
ref126,2.583333333333333
ref130,3.0
ref137,2.7777777777777777
ref143,2.4
ref144,2.3
ref153,2.2222222222222223
ref154,2.5
ref167,2.8
ref183,2.8
ref185,2.333333333333333
ref189,2.3
ref190,2.5454545454545454
ref199,2.0
ref208,2.2
ref210,2.2
ref213,1.7
ref217,2.8
ref220,2.4
ref224,2.5
ref231,2.1
ref235,2.2
ref242,1.8
ref245,2.090909090909091
ref251,2.8
ref253,2.3
ref267,2.0
ref276,2.111111111111111
ref278,2.6
ref294,2.1
ref295,1.4444444444444444
ref302,1.9
ref320,1.6666666666666667
ref325,1.6
ref327,2.0
ref331,2.1
ref339,1.8
ref341,1.8
ref361,2.7
ref373,2.2
ref377,1.9
ref378,2.2
ref388,2.3
ref391,2.272727272727273
ref398,2.5
ref401,2.0
ref404,2.2222222222222223
ref408,1.0
ref415,2.0
ref418,2.333333333333333
ref426,2.6
ref429,2.0
ref430,2.6
ref433,2.4444444444444446
ref434,1.9
ref438,2.1818181818181817
ref439,2.7777777777777777
ref443,1.5
ref445,2.6
ref453,3.0
ref461,2.2
ref466,2.5
ref470,2.6
ref478,1.5
ref484,1.9
ref486,2.0
ref490,2.1
ref500,1.7
ref508,3.0
ref509,2.4444444444444446
ref515,1.8
ref520,2.2
ref522,2.3
ref528,2.5
ref529,2.2
ref531,2.3
ref536,1.8
ref558,1.8
ref562,2.2
ref566,2.8
ref569,2.2
ref572,2.333333333333333
ref577,1.5
ref579,1.9
ref580,1.9
ref585,2.5454545454545454
ref587,3.0
ref589,2.2
ref596,2.636363636363636
ref602,2.2
ref609,2.555555555555556
ref610,2.5
ref614,2.4444444444444446
ref619,2.1
ref625,2.090909090909091
ref635,2.8
ref636,3.0
ref637,2.7
ref639,2.272727272727273
ref640,2.2222222222222223
ref643,2.555555555555556
ref646,2.8
ref653,2.2
ref658,3.0
ref659,2.2
ref660,2.2
ref664,1.9
ref667,2.3
ref668,1.7777777777777777
ref687,1.5454545454545454
ref694,1.7
ref696,2.2
ref702,1.4444444444444444
ref704,2.0
ref707,2.0
ref710,1.818181818181818
ref712,2.4
ref718,1.6666666666666667
ref733,1.4
ref734,1.4
ref753,1.7
ref754,1.7777777777777777
ref759,2.1
ref760,2.2222222222222223
ref766,2.3
ref770,1.9090909090909087
ref771,2.4
ref774,2.0
ref787,2.8
ref797,2.5
ref798,1.9
ref799,1.9
ref801,1.9
ref810,1.6666666666666667
ref813,2.3
ref819,2.1
ref821,2.7777777777777777
ref822,2.2
ref828,1.6
ref833,1.8
ref838,2.0
ref843,1.5555555555555556
ref845,2.5
ref849,2.4444444444444446
ref851,2.8
ref854,1.3
ref861,2.6666666666666665
ref864,1.7
ref872,1.8
ref878,2.5
ref883,1.0
ref902,1.4
ref909,2.2
ref916,2.8
ref919,2.1
ref923,1.6666666666666667
ref938,2.555555555555556
ref948,2.0
ref954,2.8
ref957,1.3333333333333333
ref961,2.111111111111111
ref963,1.2
ref964,2.2222222222222223
ref969,2.4
ref972,3.0
ref978,2.2
ref985,1.6666666666666667
ref990,2.8
ref994,1.818181818181818
ref1003,2.0
ref1007,2.555555555555556
ref1022,1.6666666666666667
ref1027,1.818181818181818
ref1031,2.0
ref1032,1.6
ref1044,2.8
ref1049,2.1
ref1054,2.2857142857142856
ref1055,2.3
ref1056,1.5
ref1059,2.1
ref1074,2.272727272727273
ref1079,2.2
ref1080,1.8
ref1087,2.2
ref1093,2.1
ref1097,2.333333333333333
ref1100,2.2
ref1101,2.2
ref1105,2.2
ref1110,1.0
ref1112,2.0
ref1124,1.818181818181818
ref1154,2.0
ref1155,1.6666666666666667
ref1160,2.833333333333333
ref1162,1.9
ref1164,2.8
ref1172,2.3
ref1174,2.5
ref1175,2.5
ref1187,1.8888888888888888
ref1196,2.1
ref1209,2.8
ref1215,2.4166666666666665
ref1217,2.333333333333333
ref1233,1.6363636363636365
ref1237,1.3
ref1238,2.4285714285714284
ref1250,1.7777777777777777
ref1251,1.9090909090909087
ref1258,1.9
ref1267,2.0
ref1272,2.2
ref1274,2.2222222222222223
ref1279,2.111111111111111
ref1291,2.8
ref1308,2.090909090909091
ref1315,1.4545454545454546
ref1318,1.9
ref1320,3.0
ref1332,2.0
ref1335,3.0
ref1336,2.8
ref1339,2.3
ref1342,1.2222222222222223
ref1351,2.0
ref1355,2.4545454545454546
ref1359,2.363636363636364
ref1360,2.8
ref1369,1.6
ref1371,1.5454545454545454
ref1372,1.7
ref1377,1.4
ref1382,2.2
ref1383,1.4545454545454546
ref1394,1.8
ref1396,2.8
ref1401,1.0
ref1409,2.8
ref1412,1.6
ref1413,2.5
ref1415,2.4
ref1430,1.6363636363636365
ref1434,1.9
ref1451,2.3
ref1456,1.6666666666666667
ref1464,1.7
ref1467,2.4
ref1470,2.8
ref1492,2.0
ref1494,2.6666666666666665
ref1495,2.0
ref1499,2.4
ref1510,2.8
ref1511,2.2
ref1519,1.2727272727272727
ref1521,1.6666666666666667
ref1523,2.4
ref1532,1.4
ref1537,2.2
ref1540,1.3
ref1547,1.7777777777777777
ref1554,2.2222222222222223
ref1565,1.5555555555555556
ref1569,2.0
ref1570,2.5
ref1571,2.4
ref1572,2.0
ref1577,2.2
ref1587,1.9
ref1589,1.8333333333333333
ref1595,2.8
ref1597,1.7777777777777777
ref1611,2.090909090909091
ref1616,2.2222222222222223
ref1617,2.2
ref1621,2.3
ref1623,2.2
ref1630,2.333333333333333
ref1640,2.2
ref1642,2.6
ref1650,2.5
ref1661,1.9
ref1665,2.2
ref1676,1.7
ref1680,2.8
ref1682,2.4
ref1684,2.111111111111111
ref1685,2.8
ref1686,2.3
ref1687,1.7777777777777777
ref1688,1.9
ref1692,2.555555555555556
ref1697,2.2
ref1703,1.6363636363636365
ref1706,1.6
ref1707,1.6666666666666667
ref1722,1.6
ref1724,2.8
ref1725,2.2
ref1726,3.0
ref1729,1.8
ref1735,2.333333333333333
ref1737,2.8
ref1742,2.5
ref1743,2.3
ref1746,1.9
ref1756,1.3636363636363635
ref1761,2.4
ref1773,2.6
ref1775,1.5
ref1788,2.2
ref1795,2.6
ref1797,2.333333333333333
ref1804,1.818181818181818
ref1805,2.7777777777777777
ref1806,2.3
ref1807,2.2
ref1808,2.1
ref1812,1.5
ref1815,2.0
ref1820,1.5555555555555556
ref1825,2.833333333333333
ref1830,2.8
ref1831,3.0
ref1834,2.2
ref1835,2.333333333333333
ref1838,1.9
ref1849,2.6666666666666665
ref1852,1.8
ref1853,2.0
ref1863,2.8
ref1884,2.4
ref1890,2.7
ref1891,2.2
ref1892,2.8
ref1893,1.5555555555555556
ref1895,2.8
ref1900,1.9
ref1909,1.9
ref1912,2.7
ref1918,3.0
ref1924,1.818181818181818
ref1929,2.636363636363636
ref1930,1.9
ref1941,2.2
ref1957,1.4
ref1958,2.7
ref1970,1.4545454545454546
ref1974,1.7
ref1977,2.2
ref1980,2.833333333333333
ref1981,3.0
ref1982,1.7272727272727273
ref1984,1.6
ref1987,3.0
ref1993,2.2222222222222223
ref1995,1.8
ref2005,2.7
ref2009,2.2
ref2010,2.2
ref2013,2.2222222222222223
ref2019,2.2
ref2030,2.8
ref2031,2.555555555555556
ref2037,2.1
ref2052,2.2
ref2062,2.5
ref2069,1.9
ref2078,2.333333333333333
ref2086,2.4
ref2090,2.4545454545454546
ref2098,2.4545454545454546
ref2105,2.0
ref2108,1.3
ref2109,2.2
ref2141,2.0
ref2143,2.8
ref2145,2.5454545454545454
ref2149,2.8
ref2150,1.9
ref2159,1.7
ref2161,2.111111111111111
ref2163,1.8
ref2168,2.2
ref2176,2.3
ref2182,2.333333333333333
ref2184,1.6
ref2186,2.1
ref2188,2.2
ref2193,1.7
ref2202,1.7
ref2203,2.8
ref2207,2.6666666666666665
ref2217,2.333333333333333
ref2223,2.2
ref2230,2.8
ref2232,2.5
ref2233,2.0
ref2239,2.4
ref2260,2.333333333333333
ref2264,2.5
ref2270,2.4
ref2272,2.5
ref2277,2.5
ref2282,2.2
ref2290,2.090909090909091
ref2294,2.1
ref2302,1.8
ref2309,1.7
ref2312,2.8
ref2329,2.333333333333333
ref2332,2.8
ref2333,2.2
ref2338,2.8
ref2342,2.7
ref2351,2.4
ref2362,2.2
ref2369,2.2
ref2378,2.0
ref2379,3.0
ref2388,2.4444444444444446
ref2393,1.8888888888888888
ref2401,2.5
ref2402,2.4444444444444446
ref2407,2.7
ref2412,2.1
ref2415,2.4444444444444446
ref2427,2.8
ref2430,2.8
ref2431,2.636363636363636
ref2432,1.7
ref2436,1.8
ref2442,2.2
ref2446,2.4
ref2451,2.2
ref2454,2.4
ref2456,2.6666666666666665
ref2457,2.6
ref2458,2.333333333333333
ref2460,2.7777777777777777
ref2464,2.5
ref2468,2.333333333333333
ref2470,2.7
ref2473,2.111111111111111
ref2483,1.9090909090909087
ref2484,2.272727272727273
ref2487,2.3
ref2488,2.7777777777777777
ref2491,1.8888888888888888
ref2498,2.333333333333333
